page,href,status,target
404.html,#main,PASS,
404.html,index.html,PASS,/mnt/data/Lititz_BMX_Public_Knowledge_Register_Branded_Release_Candidate_v1.0.0/lititzbmx-public-knowledge-register/index.html
404.html,index.html,PASS,/mnt/data/Lititz_BMX_Public_Knowledge_Register_Branded_Release_Candidate_v1.0.0/lititzbmx-public-knowledge-register/index.html
404.html,browse/index.html,PASS,/mnt/data/Lititz_BMX_Public_Knowledge_Register_Branded_Release_Candidate_v1.0.0/lititzbmx-public-knowledge-register/browse/index.html
404.html,ephemera/index.html,PASS,/mnt/data/Lititz_BMX_Public_Knowledge_Register_Branded_Release_Candidate_v1.0.0/lititzbmx-public-knowledge-register/ephemera/index.html
404.html,prices/index.html,PASS,/mnt/data/Lititz_BMX_Public_Knowledge_Register_Branded_Release_Candidate_v1.0.0/lititzbmx-public-knowledge-register/prices/index.html
404.html,chronology/index.html,PASS,/mnt/data/Lititz_BMX_Public_Knowledge_Register_Branded_Release_Candidate_v1.0.0/lititzbmx-public-knowledge-register/chronology/index.html
404.html,sources-rights-corrections/index.html,PASS,/mnt/data/Lititz_BMX_Public_Knowledge_Register_Branded_Release_Candidate_v1.0.0/lititzbmx-public-knowledge-register/sources-rights-corrections/index.html
404.html,research/recovery/index.html,PASS,/mnt/data/Lititz_BMX_Public_Knowledge_Register_Branded_Release_Candidate_v1.0.0/lititzbmx-public-knowledge-register/research/recovery/index.html
404.html,https://sites.google.com/view/lititzbmxinventorylist/,EXTERNAL,
404.html,https://github.com/Article134-tech/lititzbmx-docs/tree/main/public-knowledge-register,EXTERNAL,
404.html,index.html,PASS,/mnt/data/Lititz_BMX_Public_Knowledge_Register_Branded_Release_Candidate_v1.0.0/lititzbmx-public-knowledge-register/index.html
404.html,browse/index.html,PASS,/mnt/data/Lititz_BMX_Public_Knowledge_Register_Branded_Release_Candidate_v1.0.0/lititzbmx-public-knowledge-register/browse/index.html
404.html,index.html,PASS,/mnt/data/Lititz_BMX_Public_Knowledge_Register_Branded_Release_Candidate_v1.0.0/lititzbmx-public-knowledge-register/index.html
404.html,https://sites.google.com/view/lititzbmxinventorylist/,EXTERNAL,
404.html,https://github.com/Article134-tech/lititzbmx-docs/tree/main/record-collection,EXTERNAL,
404.html,https://www.youtube.com/@LititzBMX17543,EXTERNAL,
404.html,https://github.com/Article134-tech/lititzbmx-docs,EXTERNAL,
404.html,browse/index.html,PASS,/mnt/data/Lititz_BMX_Public_Knowledge_Register_Branded_Release_Candidate_v1.0.0/lititzbmx-public-knowledge-register/browse/index.html
404.html,sources-rights-corrections/index.html,PASS,/mnt/data/Lititz_BMX_Public_Knowledge_Register_Branded_Release_Candidate_v1.0.0/lititzbmx-public-knowledge-register/sources-rights-corrections/index.html
404.html,research/recovery/index.html,PASS,/mnt/data/Lititz_BMX_Public_Knowledge_Register_Branded_Release_Candidate_v1.0.0/lititzbmx-public-knowledge-register/research/recovery/index.html
404.html,https://lititzbmx.com/,EXTERNAL,
artifacts/26-0054/index.html,#main,PASS,
artifacts/26-0054/index.html,../../index.html,PASS,/mnt/data/Lititz_BMX_Public_Knowledge_Register_Branded_Release_Candidate_v1.0.0/lititzbmx-public-knowledge-register/index.html
artifacts/26-0054/index.html,../../index.html,PASS,/mnt/data/Lititz_BMX_Public_Knowledge_Register_Branded_Release_Candidate_v1.0.0/lititzbmx-public-knowledge-register/index.html
artifacts/26-0054/index.html,../../browse/index.html,PASS,/mnt/data/Lititz_BMX_Public_Knowledge_Register_Branded_Release_Candidate_v1.0.0/lititzbmx-public-knowledge-register/browse/index.html
artifacts/26-0054/index.html,../../ephemera/index.html,PASS,/mnt/data/Lititz_BMX_Public_Knowledge_Register_Branded_Release_Candidate_v1.0.0/lititzbmx-public-knowledge-register/ephemera/index.html
artifacts/26-0054/index.html,../../prices/index.html,PASS,/mnt/data/Lititz_BMX_Public_Knowledge_Register_Branded_Release_Candidate_v1.0.0/lititzbmx-public-knowledge-register/prices/index.html
artifacts/26-0054/index.html,../../chronology/index.html,PASS,/mnt/data/Lititz_BMX_Public_Knowledge_Register_Branded_Release_Candidate_v1.0.0/lititzbmx-public-knowledge-register/chronology/index.html
artifacts/26-0054/index.html,../../sources-rights-corrections/index.html,PASS,/mnt/data/Lititz_BMX_Public_Knowledge_Register_Branded_Release_Candidate_v1.0.0/lititzbmx-public-knowledge-register/sources-rights-corrections/index.html
artifacts/26-0054/index.html,../../research/recovery/index.html,PASS,/mnt/data/Lititz_BMX_Public_Knowledge_Register_Branded_Release_Candidate_v1.0.0/lititzbmx-public-knowledge-register/research/recovery/index.html
artifacts/26-0054/index.html,https://sites.google.com/view/lititzbmxinventorylist/,EXTERNAL,
artifacts/26-0054/index.html,https://github.com/Article134-tech/lititzbmx-docs/tree/main/public-knowledge-register,EXTERNAL,
artifacts/26-0054/index.html,../../index.html,PASS,/mnt/data/Lititz_BMX_Public_Knowledge_Register_Branded_Release_Candidate_v1.0.0/lititzbmx-public-knowledge-register/index.html
artifacts/26-0054/index.html,../../browse/index.html?group=Artifacts,PASS,/mnt/data/Lititz_BMX_Public_Knowledge_Register_Branded_Release_Candidate_v1.0.0/lititzbmx-public-knowledge-register/browse/index.html
artifacts/26-0054/index.html,#SRC-USA-BMX-2012,PASS,
artifacts/26-0054/index.html,#CLAIM-26-0054-001,PASS,
artifacts/26-0054/index.html,#SRC-LITITZ-26-0054,PASS,
artifacts/26-0054/index.html,#SRC-USA-BMX-2012,PASS,
artifacts/26-0054/index.html,#CLAIM-26-0054-002,PASS,
artifacts/26-0054/index.html,https://www.usabmx.com/news-and-media/6/2012-05-27/UCI-Worlds-Update?id=586,EXTERNAL,
artifacts/26-0054/index.html,https://sites.google.com/view/lititzbmxinventorylist/home/26-0054,EXTERNAL,
artifacts/26-0054/index.html,#overview,PASS,
artifacts/26-0054/index.html,#facts,PASS,
artifacts/26-0054/index.html,#claims,PASS,
artifacts/26-0054/index.html,#open-questions,PASS,
artifacts/26-0054/index.html,#timeline,PASS,
artifacts/26-0054/index.html,#sources,PASS,
artifacts/26-0054/index.html,#rights,PASS,
artifacts/26-0054/index.html,#review,PASS,
artifacts/26-0054/index.html,../../index.html,PASS,/mnt/data/Lititz_BMX_Public_Knowledge_Register_Branded_Release_Candidate_v1.0.0/lititzbmx-public-knowledge-register/index.html
artifacts/26-0054/index.html,https://sites.google.com/view/lititzbmxinventorylist/,EXTERNAL,
artifacts/26-0054/index.html,https://github.com/Article134-tech/lititzbmx-docs/tree/main/record-collection,EXTERNAL,
artifacts/26-0054/index.html,https://www.youtube.com/@LititzBMX17543,EXTERNAL,
artifacts/26-0054/index.html,https://github.com/Article134-tech/lititzbmx-docs,EXTERNAL,
artifacts/26-0054/index.html,../../browse/index.html,PASS,/mnt/data/Lititz_BMX_Public_Knowledge_Register_Branded_Release_Candidate_v1.0.0/lititzbmx-public-knowledge-register/browse/index.html
artifacts/26-0054/index.html,../../sources-rights-corrections/index.html,PASS,/mnt/data/Lititz_BMX_Public_Knowledge_Register_Branded_Release_Candidate_v1.0.0/lititzbmx-public-knowledge-register/sources-rights-corrections/index.html
artifacts/26-0054/index.html,../../research/recovery/index.html,PASS,/mnt/data/Lititz_BMX_Public_Knowledge_Register_Branded_Release_Candidate_v1.0.0/lititzbmx-public-knowledge-register/research/recovery/index.html
artifacts/26-0054/index.html,https://lititzbmx.com/,EXTERNAL,
brands/jmc-racing/index.html,#main,PASS,
brands/jmc-racing/index.html,../../index.html,PASS,/mnt/data/Lititz_BMX_Public_Knowledge_Register_Branded_Release_Candidate_v1.0.0/lititzbmx-public-knowledge-register/index.html
brands/jmc-racing/index.html,../../index.html,PASS,/mnt/data/Lititz_BMX_Public_Knowledge_Register_Branded_Release_Candidate_v1.0.0/lititzbmx-public-knowledge-register/index.html
brands/jmc-racing/index.html,../../browse/index.html,PASS,/mnt/data/Lititz_BMX_Public_Knowledge_Register_Branded_Release_Candidate_v1.0.0/lititzbmx-public-knowledge-register/browse/index.html
brands/jmc-racing/index.html,../../ephemera/index.html,PASS,/mnt/data/Lititz_BMX_Public_Knowledge_Register_Branded_Release_Candidate_v1.0.0/lititzbmx-public-knowledge-register/ephemera/index.html
brands/jmc-racing/index.html,../../prices/index.html,PASS,/mnt/data/Lititz_BMX_Public_Knowledge_Register_Branded_Release_Candidate_v1.0.0/lititzbmx-public-knowledge-register/prices/index.html
brands/jmc-racing/index.html,../../chronology/index.html,PASS,/mnt/data/Lititz_BMX_Public_Knowledge_Register_Branded_Release_Candidate_v1.0.0/lititzbmx-public-knowledge-register/chronology/index.html
brands/jmc-racing/index.html,../../sources-rights-corrections/index.html,PASS,/mnt/data/Lititz_BMX_Public_Knowledge_Register_Branded_Release_Candidate_v1.0.0/lititzbmx-public-knowledge-register/sources-rights-corrections/index.html
brands/jmc-racing/index.html,../../research/recovery/index.html,PASS,/mnt/data/Lititz_BMX_Public_Knowledge_Register_Branded_Release_Candidate_v1.0.0/lititzbmx-public-knowledge-register/research/recovery/index.html
brands/jmc-racing/index.html,https://sites.google.com/view/lititzbmxinventorylist/,EXTERNAL,
brands/jmc-racing/index.html,https://github.com/Article134-tech/lititzbmx-docs/tree/main/public-knowledge-register,EXTERNAL,
brands/jmc-racing/index.html,../../index.html,PASS,/mnt/data/Lititz_BMX_Public_Knowledge_Register_Branded_Release_Candidate_v1.0.0/lititzbmx-public-knowledge-register/index.html
brands/jmc-racing/index.html,../../browse/index.html?group=Brands%20%26%20models,PASS,/mnt/data/Lititz_BMX_Public_Knowledge_Register_Branded_Release_Candidate_v1.0.0/lititzbmx-public-knowledge-register/browse/index.html
brands/jmc-racing/index.html,#SRC-JMC-ABOUT,PASS,
brands/jmc-racing/index.html,#SRC-JMC-ID,PASS,
brands/jmc-racing/index.html,#CLAIM-JMC-001,PASS,
brands/jmc-racing/index.html,#SRC-JMC-ID,PASS,
brands/jmc-racing/index.html,#CLAIM-JMC-002,PASS,
brands/jmc-racing/index.html,#SRC-JMC-ID,PASS,
brands/jmc-racing/index.html,#CLAIM-JMC-003,PASS,
brands/jmc-racing/index.html,https://jmcbmx.wordpress.com/about/,EXTERNAL,
brands/jmc-racing/index.html,https://jmcbmx.wordpress.com/2010/02/02/how-to-id-a-jmc/,EXTERNAL,
brands/jmc-racing/index.html,#overview,PASS,
brands/jmc-racing/index.html,#facts,PASS,
brands/jmc-racing/index.html,#claims,PASS,
brands/jmc-racing/index.html,#open-questions,PASS,
brands/jmc-racing/index.html,#timeline,PASS,
brands/jmc-racing/index.html,#relationships,PASS,
brands/jmc-racing/index.html,#sources,PASS,
brands/jmc-racing/index.html,#rights,PASS,
brands/jmc-racing/index.html,#review,PASS,
brands/jmc-racing/index.html,../../index.html,PASS,/mnt/data/Lititz_BMX_Public_Knowledge_Register_Branded_Release_Candidate_v1.0.0/lititzbmx-public-knowledge-register/index.html
brands/jmc-racing/index.html,https://sites.google.com/view/lititzbmxinventorylist/,EXTERNAL,
brands/jmc-racing/index.html,https://github.com/Article134-tech/lititzbmx-docs/tree/main/record-collection,EXTERNAL,
brands/jmc-racing/index.html,https://www.youtube.com/@LititzBMX17543,EXTERNAL,
brands/jmc-racing/index.html,https://github.com/Article134-tech/lititzbmx-docs,EXTERNAL,
brands/jmc-racing/index.html,../../browse/index.html,PASS,/mnt/data/Lititz_BMX_Public_Knowledge_Register_Branded_Release_Candidate_v1.0.0/lititzbmx-public-knowledge-register/browse/index.html
brands/jmc-racing/index.html,../../sources-rights-corrections/index.html,PASS,/mnt/data/Lititz_BMX_Public_Knowledge_Register_Branded_Release_Candidate_v1.0.0/lititzbmx-public-knowledge-register/sources-rights-corrections/index.html
brands/jmc-racing/index.html,../../research/recovery/index.html,PASS,/mnt/data/Lititz_BMX_Public_Knowledge_Register_Branded_Release_Candidate_v1.0.0/lititzbmx-public-knowledge-register/research/recovery/index.html
brands/jmc-racing/index.html,https://lititzbmx.com/,EXTERNAL,
browse/index.html,#main,PASS,
browse/index.html,../index.html,PASS,/mnt/data/Lititz_BMX_Public_Knowledge_Register_Branded_Release_Candidate_v1.0.0/lititzbmx-public-knowledge-register/index.html
browse/index.html,../index.html,PASS,/mnt/data/Lititz_BMX_Public_Knowledge_Register_Branded_Release_Candidate_v1.0.0/lititzbmx-public-knowledge-register/index.html
browse/index.html,../browse/index.html,PASS,/mnt/data/Lititz_BMX_Public_Knowledge_Register_Branded_Release_Candidate_v1.0.0/lititzbmx-public-knowledge-register/browse/index.html
browse/index.html,../ephemera/index.html,PASS,/mnt/data/Lititz_BMX_Public_Knowledge_Register_Branded_Release_Candidate_v1.0.0/lititzbmx-public-knowledge-register/ephemera/index.html
browse/index.html,../prices/index.html,PASS,/mnt/data/Lititz_BMX_Public_Knowledge_Register_Branded_Release_Candidate_v1.0.0/lititzbmx-public-knowledge-register/prices/index.html
browse/index.html,../chronology/index.html,PASS,/mnt/data/Lititz_BMX_Public_Knowledge_Register_Branded_Release_Candidate_v1.0.0/lititzbmx-public-knowledge-register/chronology/index.html
browse/index.html,../sources-rights-corrections/index.html,PASS,/mnt/data/Lititz_BMX_Public_Knowledge_Register_Branded_Release_Candidate_v1.0.0/lititzbmx-public-knowledge-register/sources-rights-corrections/index.html
browse/index.html,../research/recovery/index.html,PASS,/mnt/data/Lititz_BMX_Public_Knowledge_Register_Branded_Release_Candidate_v1.0.0/lititzbmx-public-knowledge-register/research/recovery/index.html
browse/index.html,https://sites.google.com/view/lititzbmxinventorylist/,EXTERNAL,
browse/index.html,https://github.com/Article134-tech/lititzbmx-docs/tree/main/public-knowledge-register,EXTERNAL,
browse/index.html,../index.html,PASS,/mnt/data/Lititz_BMX_Public_Knowledge_Register_Branded_Release_Candidate_v1.0.0/lititzbmx-public-knowledge-register/index.html
browse/index.html,../brands/jmc-racing/,PASS,/mnt/data/Lititz_BMX_Public_Knowledge_Register_Branded_Release_Candidate_v1.0.0/lititzbmx-public-knowledge-register/brands/jmc-racing/index.html
browse/index.html,../artifacts/26-0054/,PASS,/mnt/data/Lititz_BMX_Public_Knowledge_Register_Branded_Release_Candidate_v1.0.0/lititzbmx-public-knowledge-register/artifacts/26-0054/index.html
browse/index.html,../references/bmxmuseum/5027/,PASS,/mnt/data/Lititz_BMX_Public_Knowledge_Register_Branded_Release_Candidate_v1.0.0/lititzbmx-public-knowledge-register/references/bmxmuseum/5027/index.html
browse/index.html,../prices/#price-v17-pr-001,PASS,/mnt/data/Lititz_BMX_Public_Knowledge_Register_Branded_Release_Candidate_v1.0.0/lititzbmx-public-knowledge-register/prices/index.html
browse/index.html,../sources/catalogs/haro/1990/,PASS,/mnt/data/Lititz_BMX_Public_Knowledge_Register_Branded_Release_Candidate_v1.0.0/lititzbmx-public-knowledge-register/sources/catalogs/haro/1990/index.html
browse/index.html,../index.html,PASS,/mnt/data/Lititz_BMX_Public_Knowledge_Register_Branded_Release_Candidate_v1.0.0/lititzbmx-public-knowledge-register/index.html
browse/index.html,https://sites.google.com/view/lititzbmxinventorylist/,EXTERNAL,
browse/index.html,https://github.com/Article134-tech/lititzbmx-docs/tree/main/record-collection,EXTERNAL,
browse/index.html,https://www.youtube.com/@LititzBMX17543,EXTERNAL,
browse/index.html,https://github.com/Article134-tech/lititzbmx-docs,EXTERNAL,
browse/index.html,../browse/index.html,PASS,/mnt/data/Lititz_BMX_Public_Knowledge_Register_Branded_Release_Candidate_v1.0.0/lititzbmx-public-knowledge-register/browse/index.html
browse/index.html,../sources-rights-corrections/index.html,PASS,/mnt/data/Lititz_BMX_Public_Knowledge_Register_Branded_Release_Candidate_v1.0.0/lititzbmx-public-knowledge-register/sources-rights-corrections/index.html
browse/index.html,../research/recovery/index.html,PASS,/mnt/data/Lititz_BMX_Public_Knowledge_Register_Branded_Release_Candidate_v1.0.0/lititzbmx-public-knowledge-register/research/recovery/index.html
browse/index.html,https://lititzbmx.com/,EXTERNAL,
chronology/index.html,#main,PASS,
chronology/index.html,../index.html,PASS,/mnt/data/Lititz_BMX_Public_Knowledge_Register_Branded_Release_Candidate_v1.0.0/lititzbmx-public-knowledge-register/index.html
chronology/index.html,../index.html,PASS,/mnt/data/Lititz_BMX_Public_Knowledge_Register_Branded_Release_Candidate_v1.0.0/lititzbmx-public-knowledge-register/index.html
chronology/index.html,../browse/index.html,PASS,/mnt/data/Lititz_BMX_Public_Knowledge_Register_Branded_Release_Candidate_v1.0.0/lititzbmx-public-knowledge-register/browse/index.html
chronology/index.html,../ephemera/index.html,PASS,/mnt/data/Lititz_BMX_Public_Knowledge_Register_Branded_Release_Candidate_v1.0.0/lititzbmx-public-knowledge-register/ephemera/index.html
chronology/index.html,../prices/index.html,PASS,/mnt/data/Lititz_BMX_Public_Knowledge_Register_Branded_Release_Candidate_v1.0.0/lititzbmx-public-knowledge-register/prices/index.html
chronology/index.html,../chronology/index.html,PASS,/mnt/data/Lititz_BMX_Public_Knowledge_Register_Branded_Release_Candidate_v1.0.0/lititzbmx-public-knowledge-register/chronology/index.html
chronology/index.html,../sources-rights-corrections/index.html,PASS,/mnt/data/Lititz_BMX_Public_Knowledge_Register_Branded_Release_Candidate_v1.0.0/lititzbmx-public-knowledge-register/sources-rights-corrections/index.html
chronology/index.html,../research/recovery/index.html,PASS,/mnt/data/Lititz_BMX_Public_Knowledge_Register_Branded_Release_Candidate_v1.0.0/lititzbmx-public-knowledge-register/research/recovery/index.html
chronology/index.html,https://sites.google.com/view/lititzbmxinventorylist/,EXTERNAL,
chronology/index.html,https://github.com/Article134-tech/lititzbmx-docs/tree/main/public-knowledge-register,EXTERNAL,
chronology/index.html,../index.html,PASS,/mnt/data/Lititz_BMX_Public_Knowledge_Register_Branded_Release_Candidate_v1.0.0/lititzbmx-public-knowledge-register/index.html
chronology/index.html,../index.html,PASS,/mnt/data/Lititz_BMX_Public_Knowledge_Register_Branded_Release_Candidate_v1.0.0/lititzbmx-public-knowledge-register/index.html
chronology/index.html,https://sites.google.com/view/lititzbmxinventorylist/,EXTERNAL,
chronology/index.html,https://github.com/Article134-tech/lititzbmx-docs/tree/main/record-collection,EXTERNAL,
chronology/index.html,https://www.youtube.com/@LititzBMX17543,EXTERNAL,
chronology/index.html,https://github.com/Article134-tech/lititzbmx-docs,EXTERNAL,
chronology/index.html,../browse/index.html,PASS,/mnt/data/Lititz_BMX_Public_Knowledge_Register_Branded_Release_Candidate_v1.0.0/lititzbmx-public-knowledge-register/browse/index.html
chronology/index.html,../sources-rights-corrections/index.html,PASS,/mnt/data/Lititz_BMX_Public_Knowledge_Register_Branded_Release_Candidate_v1.0.0/lititzbmx-public-knowledge-register/sources-rights-corrections/index.html
chronology/index.html,../research/recovery/index.html,PASS,/mnt/data/Lititz_BMX_Public_Knowledge_Register_Branded_Release_Candidate_v1.0.0/lititzbmx-public-knowledge-register/research/recovery/index.html
chronology/index.html,https://lititzbmx.com/,EXTERNAL,
ephemera/index.html,#main,PASS,
ephemera/index.html,../index.html,PASS,/mnt/data/Lititz_BMX_Public_Knowledge_Register_Branded_Release_Candidate_v1.0.0/lititzbmx-public-knowledge-register/index.html
ephemera/index.html,../index.html,PASS,/mnt/data/Lititz_BMX_Public_Knowledge_Register_Branded_Release_Candidate_v1.0.0/lititzbmx-public-knowledge-register/index.html
ephemera/index.html,../browse/index.html,PASS,/mnt/data/Lititz_BMX_Public_Knowledge_Register_Branded_Release_Candidate_v1.0.0/lititzbmx-public-knowledge-register/browse/index.html
ephemera/index.html,../ephemera/index.html,PASS,/mnt/data/Lititz_BMX_Public_Knowledge_Register_Branded_Release_Candidate_v1.0.0/lititzbmx-public-knowledge-register/ephemera/index.html
ephemera/index.html,../prices/index.html,PASS,/mnt/data/Lititz_BMX_Public_Knowledge_Register_Branded_Release_Candidate_v1.0.0/lititzbmx-public-knowledge-register/prices/index.html
ephemera/index.html,../chronology/index.html,PASS,/mnt/data/Lititz_BMX_Public_Knowledge_Register_Branded_Release_Candidate_v1.0.0/lititzbmx-public-knowledge-register/chronology/index.html
ephemera/index.html,../sources-rights-corrections/index.html,PASS,/mnt/data/Lititz_BMX_Public_Knowledge_Register_Branded_Release_Candidate_v1.0.0/lititzbmx-public-knowledge-register/sources-rights-corrections/index.html
ephemera/index.html,../research/recovery/index.html,PASS,/mnt/data/Lititz_BMX_Public_Knowledge_Register_Branded_Release_Candidate_v1.0.0/lititzbmx-public-knowledge-register/research/recovery/index.html
ephemera/index.html,https://sites.google.com/view/lititzbmxinventorylist/,EXTERNAL,
ephemera/index.html,https://github.com/Article134-tech/lititzbmx-docs/tree/main/public-knowledge-register,EXTERNAL,
ephemera/index.html,../index.html,PASS,/mnt/data/Lititz_BMX_Public_Knowledge_Register_Branded_Release_Candidate_v1.0.0/lititzbmx-public-knowledge-register/index.html
ephemera/index.html,#catalogs,PASS,
ephemera/index.html,#advertisements,PASS,
ephemera/index.html,#flyers,PASS,
ephemera/index.html,../research/recovery/index.html,PASS,/mnt/data/Lititz_BMX_Public_Knowledge_Register_Branded_Release_Candidate_v1.0.0/lititzbmx-public-knowledge-register/research/recovery/index.html
ephemera/index.html,../index.html,PASS,/mnt/data/Lititz_BMX_Public_Knowledge_Register_Branded_Release_Candidate_v1.0.0/lititzbmx-public-knowledge-register/index.html
ephemera/index.html,https://sites.google.com/view/lititzbmxinventorylist/,EXTERNAL,
ephemera/index.html,https://github.com/Article134-tech/lititzbmx-docs/tree/main/record-collection,EXTERNAL,
ephemera/index.html,https://www.youtube.com/@LititzBMX17543,EXTERNAL,
ephemera/index.html,https://github.com/Article134-tech/lititzbmx-docs,EXTERNAL,
ephemera/index.html,../browse/index.html,PASS,/mnt/data/Lititz_BMX_Public_Knowledge_Register_Branded_Release_Candidate_v1.0.0/lititzbmx-public-knowledge-register/browse/index.html
ephemera/index.html,../sources-rights-corrections/index.html,PASS,/mnt/data/Lititz_BMX_Public_Knowledge_Register_Branded_Release_Candidate_v1.0.0/lititzbmx-public-knowledge-register/sources-rights-corrections/index.html
ephemera/index.html,../research/recovery/index.html,PASS,/mnt/data/Lititz_BMX_Public_Knowledge_Register_Branded_Release_Candidate_v1.0.0/lititzbmx-public-knowledge-register/research/recovery/index.html
ephemera/index.html,https://lititzbmx.com/,EXTERNAL,
index.html,#main,PASS,
index.html,index.html,PASS,/mnt/data/Lititz_BMX_Public_Knowledge_Register_Branded_Release_Candidate_v1.0.0/lititzbmx-public-knowledge-register/index.html
index.html,index.html,PASS,/mnt/data/Lititz_BMX_Public_Knowledge_Register_Branded_Release_Candidate_v1.0.0/lititzbmx-public-knowledge-register/index.html
index.html,browse/index.html,PASS,/mnt/data/Lititz_BMX_Public_Knowledge_Register_Branded_Release_Candidate_v1.0.0/lititzbmx-public-knowledge-register/browse/index.html
index.html,ephemera/index.html,PASS,/mnt/data/Lititz_BMX_Public_Knowledge_Register_Branded_Release_Candidate_v1.0.0/lititzbmx-public-knowledge-register/ephemera/index.html
index.html,prices/index.html,PASS,/mnt/data/Lititz_BMX_Public_Knowledge_Register_Branded_Release_Candidate_v1.0.0/lititzbmx-public-knowledge-register/prices/index.html
index.html,chronology/index.html,PASS,/mnt/data/Lititz_BMX_Public_Knowledge_Register_Branded_Release_Candidate_v1.0.0/lititzbmx-public-knowledge-register/chronology/index.html
index.html,sources-rights-corrections/index.html,PASS,/mnt/data/Lititz_BMX_Public_Knowledge_Register_Branded_Release_Candidate_v1.0.0/lititzbmx-public-knowledge-register/sources-rights-corrections/index.html
index.html,research/recovery/index.html,PASS,/mnt/data/Lititz_BMX_Public_Knowledge_Register_Branded_Release_Candidate_v1.0.0/lititzbmx-public-knowledge-register/research/recovery/index.html
index.html,https://sites.google.com/view/lititzbmxinventorylist/,EXTERNAL,
index.html,https://github.com/Article134-tech/lititzbmx-docs/tree/main/public-knowledge-register,EXTERNAL,
index.html,browse/index.html,PASS,/mnt/data/Lititz_BMX_Public_Knowledge_Register_Branded_Release_Candidate_v1.0.0/lititzbmx-public-knowledge-register/browse/index.html
index.html,sources-rights-corrections/index.html,PASS,/mnt/data/Lititz_BMX_Public_Knowledge_Register_Branded_Release_Candidate_v1.0.0/lititzbmx-public-knowledge-register/sources-rights-corrections/index.html
index.html,browse/index.html,PASS,/mnt/data/Lititz_BMX_Public_Knowledge_Register_Branded_Release_Candidate_v1.0.0/lititzbmx-public-knowledge-register/browse/index.html
index.html,browse/index.html?status=public,PASS,/mnt/data/Lititz_BMX_Public_Knowledge_Register_Branded_Release_Candidate_v1.0.0/lititzbmx-public-knowledge-register/browse/index.html
index.html,browse/index.html?status=hold,PASS,/mnt/data/Lititz_BMX_Public_Knowledge_Register_Branded_Release_Candidate_v1.0.0/lititzbmx-public-knowledge-register/browse/index.html
index.html,research/recovery/index.html,PASS,/mnt/data/Lititz_BMX_Public_Knowledge_Register_Branded_Release_Candidate_v1.0.0/lititzbmx-public-knowledge-register/research/recovery/index.html
index.html,browse/index.html?group=Artifacts,PASS,/mnt/data/Lititz_BMX_Public_Knowledge_Register_Branded_Release_Candidate_v1.0.0/lititzbmx-public-knowledge-register/browse/index.html
index.html,browse/index.html?group=Brands%20%26%20models,PASS,/mnt/data/Lititz_BMX_Public_Knowledge_Register_Branded_Release_Candidate_v1.0.0/lititzbmx-public-knowledge-register/browse/index.html
index.html,ephemera/index.html,PASS,/mnt/data/Lititz_BMX_Public_Knowledge_Register_Branded_Release_Candidate_v1.0.0/lititzbmx-public-knowledge-register/ephemera/index.html
index.html,prices/index.html,PASS,/mnt/data/Lititz_BMX_Public_Knowledge_Register_Branded_Release_Candidate_v1.0.0/lititzbmx-public-knowledge-register/prices/index.html
index.html,chronology/index.html,PASS,/mnt/data/Lititz_BMX_Public_Knowledge_Register_Branded_Release_Candidate_v1.0.0/lititzbmx-public-knowledge-register/chronology/index.html
index.html,browse/index.html?group=Exact%20external%20records,PASS,/mnt/data/Lititz_BMX_Public_Knowledge_Register_Branded_Release_Candidate_v1.0.0/lititzbmx-public-knowledge-register/browse/index.html
index.html,sources-rights-corrections/index.html,PASS,/mnt/data/Lititz_BMX_Public_Knowledge_Register_Branded_Release_Candidate_v1.0.0/lititzbmx-public-knowledge-register/sources-rights-corrections/index.html
index.html,research/recovery/index.html,PASS,/mnt/data/Lititz_BMX_Public_Knowledge_Register_Branded_Release_Candidate_v1.0.0/lititzbmx-public-knowledge-register/research/recovery/index.html
index.html,sources-rights-corrections/index.html#downloads,PASS,/mnt/data/Lititz_BMX_Public_Knowledge_Register_Branded_Release_Candidate_v1.0.0/lititzbmx-public-knowledge-register/sources-rights-corrections/index.html
index.html,artifacts/26-0054/,PASS,/mnt/data/Lititz_BMX_Public_Knowledge_Register_Branded_Release_Candidate_v1.0.0/lititzbmx-public-knowledge-register/artifacts/26-0054/index.html
index.html,brands/jmc-racing/,PASS,/mnt/data/Lititz_BMX_Public_Knowledge_Register_Branded_Release_Candidate_v1.0.0/lititzbmx-public-knowledge-register/brands/jmc-racing/index.html
index.html,sources/catalogs/haro/1990/,PASS,/mnt/data/Lititz_BMX_Public_Knowledge_Register_Branded_Release_Candidate_v1.0.0/lititzbmx-public-knowledge-register/sources/catalogs/haro/1990/index.html
index.html,references/bmxmuseum/5027/,PASS,/mnt/data/Lititz_BMX_Public_Knowledge_Register_Branded_Release_Candidate_v1.0.0/lititzbmx-public-knowledge-register/references/bmxmuseum/5027/index.html
index.html,sources-rights-corrections/index.html,PASS,/mnt/data/Lititz_BMX_Public_Knowledge_Register_Branded_Release_Candidate_v1.0.0/lititzbmx-public-knowledge-register/sources-rights-corrections/index.html
index.html,index.html,PASS,/mnt/data/Lititz_BMX_Public_Knowledge_Register_Branded_Release_Candidate_v1.0.0/lititzbmx-public-knowledge-register/index.html
index.html,https://sites.google.com/view/lititzbmxinventorylist/,EXTERNAL,
index.html,https://github.com/Article134-tech/lititzbmx-docs/tree/main/record-collection,EXTERNAL,
index.html,https://www.youtube.com/@LititzBMX17543,EXTERNAL,
index.html,https://github.com/Article134-tech/lititzbmx-docs,EXTERNAL,
index.html,browse/index.html,PASS,/mnt/data/Lititz_BMX_Public_Knowledge_Register_Branded_Release_Candidate_v1.0.0/lititzbmx-public-knowledge-register/browse/index.html
index.html,sources-rights-corrections/index.html,PASS,/mnt/data/Lititz_BMX_Public_Knowledge_Register_Branded_Release_Candidate_v1.0.0/lititzbmx-public-knowledge-register/sources-rights-corrections/index.html
index.html,research/recovery/index.html,PASS,/mnt/data/Lititz_BMX_Public_Knowledge_Register_Branded_Release_Candidate_v1.0.0/lititzbmx-public-knowledge-register/research/recovery/index.html
index.html,https://lititzbmx.com/,EXTERNAL,
prices/index.html,#main,PASS,
prices/index.html,../index.html,PASS,/mnt/data/Lititz_BMX_Public_Knowledge_Register_Branded_Release_Candidate_v1.0.0/lititzbmx-public-knowledge-register/index.html
prices/index.html,../index.html,PASS,/mnt/data/Lititz_BMX_Public_Knowledge_Register_Branded_Release_Candidate_v1.0.0/lititzbmx-public-knowledge-register/index.html
prices/index.html,../browse/index.html,PASS,/mnt/data/Lititz_BMX_Public_Knowledge_Register_Branded_Release_Candidate_v1.0.0/lititzbmx-public-knowledge-register/browse/index.html
prices/index.html,../ephemera/index.html,PASS,/mnt/data/Lititz_BMX_Public_Knowledge_Register_Branded_Release_Candidate_v1.0.0/lititzbmx-public-knowledge-register/ephemera/index.html
prices/index.html,../prices/index.html,PASS,/mnt/data/Lititz_BMX_Public_Knowledge_Register_Branded_Release_Candidate_v1.0.0/lititzbmx-public-knowledge-register/prices/index.html
prices/index.html,../chronology/index.html,PASS,/mnt/data/Lititz_BMX_Public_Knowledge_Register_Branded_Release_Candidate_v1.0.0/lititzbmx-public-knowledge-register/chronology/index.html
prices/index.html,../sources-rights-corrections/index.html,PASS,/mnt/data/Lititz_BMX_Public_Knowledge_Register_Branded_Release_Candidate_v1.0.0/lititzbmx-public-knowledge-register/sources-rights-corrections/index.html
prices/index.html,../research/recovery/index.html,PASS,/mnt/data/Lititz_BMX_Public_Knowledge_Register_Branded_Release_Candidate_v1.0.0/lititzbmx-public-knowledge-register/research/recovery/index.html
prices/index.html,https://sites.google.com/view/lititzbmxinventorylist/,EXTERNAL,
prices/index.html,https://github.com/Article134-tech/lititzbmx-docs/tree/main/public-knowledge-register,EXTERNAL,
prices/index.html,../index.html,PASS,/mnt/data/Lititz_BMX_Public_Knowledge_Register_Branded_Release_Candidate_v1.0.0/lititzbmx-public-knowledge-register/index.html
prices/index.html,../index.html,PASS,/mnt/data/Lititz_BMX_Public_Knowledge_Register_Branded_Release_Candidate_v1.0.0/lititzbmx-public-knowledge-register/index.html
prices/index.html,https://sites.google.com/view/lititzbmxinventorylist/,EXTERNAL,
prices/index.html,https://github.com/Article134-tech/lititzbmx-docs/tree/main/record-collection,EXTERNAL,
prices/index.html,https://www.youtube.com/@LititzBMX17543,EXTERNAL,
prices/index.html,https://github.com/Article134-tech/lititzbmx-docs,EXTERNAL,
prices/index.html,../browse/index.html,PASS,/mnt/data/Lititz_BMX_Public_Knowledge_Register_Branded_Release_Candidate_v1.0.0/lititzbmx-public-knowledge-register/browse/index.html
prices/index.html,../sources-rights-corrections/index.html,PASS,/mnt/data/Lititz_BMX_Public_Knowledge_Register_Branded_Release_Candidate_v1.0.0/lititzbmx-public-knowledge-register/sources-rights-corrections/index.html
prices/index.html,../research/recovery/index.html,PASS,/mnt/data/Lititz_BMX_Public_Knowledge_Register_Branded_Release_Candidate_v1.0.0/lititzbmx-public-knowledge-register/research/recovery/index.html
prices/index.html,https://lititzbmx.com/,EXTERNAL,
references/bmxmuseum/5027/index.html,#main,PASS,
references/bmxmuseum/5027/index.html,../../../index.html,PASS,/mnt/data/Lititz_BMX_Public_Knowledge_Register_Branded_Release_Candidate_v1.0.0/lititzbmx-public-knowledge-register/index.html
references/bmxmuseum/5027/index.html,../../../index.html,PASS,/mnt/data/Lititz_BMX_Public_Knowledge_Register_Branded_Release_Candidate_v1.0.0/lititzbmx-public-knowledge-register/index.html
references/bmxmuseum/5027/index.html,../../../browse/index.html,PASS,/mnt/data/Lititz_BMX_Public_Knowledge_Register_Branded_Release_Candidate_v1.0.0/lititzbmx-public-knowledge-register/browse/index.html
references/bmxmuseum/5027/index.html,../../../ephemera/index.html,PASS,/mnt/data/Lititz_BMX_Public_Knowledge_Register_Branded_Release_Candidate_v1.0.0/lititzbmx-public-knowledge-register/ephemera/index.html
references/bmxmuseum/5027/index.html,../../../prices/index.html,PASS,/mnt/data/Lititz_BMX_Public_Knowledge_Register_Branded_Release_Candidate_v1.0.0/lititzbmx-public-knowledge-register/prices/index.html
references/bmxmuseum/5027/index.html,../../../chronology/index.html,PASS,/mnt/data/Lititz_BMX_Public_Knowledge_Register_Branded_Release_Candidate_v1.0.0/lititzbmx-public-knowledge-register/chronology/index.html
references/bmxmuseum/5027/index.html,../../../sources-rights-corrections/index.html,PASS,/mnt/data/Lititz_BMX_Public_Knowledge_Register_Branded_Release_Candidate_v1.0.0/lititzbmx-public-knowledge-register/sources-rights-corrections/index.html
references/bmxmuseum/5027/index.html,../../../research/recovery/index.html,PASS,/mnt/data/Lititz_BMX_Public_Knowledge_Register_Branded_Release_Candidate_v1.0.0/lititzbmx-public-knowledge-register/research/recovery/index.html
references/bmxmuseum/5027/index.html,https://sites.google.com/view/lititzbmxinventorylist/,EXTERNAL,
references/bmxmuseum/5027/index.html,https://github.com/Article134-tech/lititzbmx-docs/tree/main/public-knowledge-register,EXTERNAL,
references/bmxmuseum/5027/index.html,../../../index.html,PASS,/mnt/data/Lititz_BMX_Public_Knowledge_Register_Branded_Release_Candidate_v1.0.0/lititzbmx-public-knowledge-register/index.html
references/bmxmuseum/5027/index.html,../../../browse/index.html?group=Exact%20external%20records,PASS,/mnt/data/Lititz_BMX_Public_Knowledge_Register_Branded_Release_Candidate_v1.0.0/lititzbmx-public-knowledge-register/browse/index.html
references/bmxmuseum/5027/index.html,#SRC-ASHTABULA-5027,PASS,
references/bmxmuseum/5027/index.html,#SRC-ASHTABULA-CABE,PASS,
references/bmxmuseum/5027/index.html,#CLAIM-ASHTABULA-5027-001,PASS,
references/bmxmuseum/5027/index.html,#SRC-ASHTABULA-CABE,PASS,
references/bmxmuseum/5027/index.html,#CLAIM-ASHTABULA-5027-002,PASS,
references/bmxmuseum/5027/index.html,#SRC-ASHTABULA-CABE,PASS,
references/bmxmuseum/5027/index.html,#CLAIM-ASHTABULA-5027-003,PASS,
references/bmxmuseum/5027/index.html,https://bmxmuseum.com/reference/5027,EXTERNAL,
references/bmxmuseum/5027/index.html,https://thecabe.com/forum/threads/ashtabula-fork-identification-help.253603/,EXTERNAL,
references/bmxmuseum/5027/index.html,https://www.vintagemongoose.com/pdfs/mongoose_cat79-80.pdf,EXTERNAL,
references/bmxmuseum/5027/index.html,#overview,PASS,
references/bmxmuseum/5027/index.html,#facts,PASS,
references/bmxmuseum/5027/index.html,#claims,PASS,
references/bmxmuseum/5027/index.html,#open-questions,PASS,
references/bmxmuseum/5027/index.html,#sources,PASS,
references/bmxmuseum/5027/index.html,#rights,PASS,
references/bmxmuseum/5027/index.html,#review,PASS,
references/bmxmuseum/5027/index.html,../../../index.html,PASS,/mnt/data/Lititz_BMX_Public_Knowledge_Register_Branded_Release_Candidate_v1.0.0/lititzbmx-public-knowledge-register/index.html
references/bmxmuseum/5027/index.html,https://sites.google.com/view/lititzbmxinventorylist/,EXTERNAL,
references/bmxmuseum/5027/index.html,https://github.com/Article134-tech/lititzbmx-docs/tree/main/record-collection,EXTERNAL,
references/bmxmuseum/5027/index.html,https://www.youtube.com/@LititzBMX17543,EXTERNAL,
references/bmxmuseum/5027/index.html,https://github.com/Article134-tech/lititzbmx-docs,EXTERNAL,
references/bmxmuseum/5027/index.html,../../../browse/index.html,PASS,/mnt/data/Lititz_BMX_Public_Knowledge_Register_Branded_Release_Candidate_v1.0.0/lititzbmx-public-knowledge-register/browse/index.html
references/bmxmuseum/5027/index.html,../../../sources-rights-corrections/index.html,PASS,/mnt/data/Lititz_BMX_Public_Knowledge_Register_Branded_Release_Candidate_v1.0.0/lititzbmx-public-knowledge-register/sources-rights-corrections/index.html
references/bmxmuseum/5027/index.html,../../../research/recovery/index.html,PASS,/mnt/data/Lititz_BMX_Public_Knowledge_Register_Branded_Release_Candidate_v1.0.0/lititzbmx-public-knowledge-register/research/recovery/index.html
references/bmxmuseum/5027/index.html,https://lititzbmx.com/,EXTERNAL,
research/recovery/index.html,#main,PASS,
research/recovery/index.html,../../index.html,PASS,/mnt/data/Lititz_BMX_Public_Knowledge_Register_Branded_Release_Candidate_v1.0.0/lititzbmx-public-knowledge-register/index.html
research/recovery/index.html,../../index.html,PASS,/mnt/data/Lititz_BMX_Public_Knowledge_Register_Branded_Release_Candidate_v1.0.0/lititzbmx-public-knowledge-register/index.html
research/recovery/index.html,../../browse/index.html,PASS,/mnt/data/Lititz_BMX_Public_Knowledge_Register_Branded_Release_Candidate_v1.0.0/lititzbmx-public-knowledge-register/browse/index.html
research/recovery/index.html,../../ephemera/index.html,PASS,/mnt/data/Lititz_BMX_Public_Knowledge_Register_Branded_Release_Candidate_v1.0.0/lititzbmx-public-knowledge-register/ephemera/index.html
research/recovery/index.html,../../prices/index.html,PASS,/mnt/data/Lititz_BMX_Public_Knowledge_Register_Branded_Release_Candidate_v1.0.0/lititzbmx-public-knowledge-register/prices/index.html
research/recovery/index.html,../../chronology/index.html,PASS,/mnt/data/Lititz_BMX_Public_Knowledge_Register_Branded_Release_Candidate_v1.0.0/lititzbmx-public-knowledge-register/chronology/index.html
research/recovery/index.html,../../sources-rights-corrections/index.html,PASS,/mnt/data/Lititz_BMX_Public_Knowledge_Register_Branded_Release_Candidate_v1.0.0/lititzbmx-public-knowledge-register/sources-rights-corrections/index.html
research/recovery/index.html,../../research/recovery/index.html,PASS,/mnt/data/Lititz_BMX_Public_Knowledge_Register_Branded_Release_Candidate_v1.0.0/lititzbmx-public-knowledge-register/research/recovery/index.html
research/recovery/index.html,https://sites.google.com/view/lititzbmxinventorylist/,EXTERNAL,
research/recovery/index.html,https://github.com/Article134-tech/lititzbmx-docs/tree/main/public-knowledge-register,EXTERNAL,
research/recovery/index.html,../../index.html,PASS,/mnt/data/Lititz_BMX_Public_Knowledge_Register_Branded_Release_Candidate_v1.0.0/lititzbmx-public-knowledge-register/index.html
research/recovery/index.html,../../research/recovery/index.html,PASS,/mnt/data/Lititz_BMX_Public_Knowledge_Register_Branded_Release_Candidate_v1.0.0/lititzbmx-public-knowledge-register/research/recovery/index.html
research/recovery/index.html,../../index.html,PASS,/mnt/data/Lititz_BMX_Public_Knowledge_Register_Branded_Release_Candidate_v1.0.0/lititzbmx-public-knowledge-register/index.html
research/recovery/index.html,https://sites.google.com/view/lititzbmxinventorylist/,EXTERNAL,
research/recovery/index.html,https://github.com/Article134-tech/lititzbmx-docs/tree/main/record-collection,EXTERNAL,
research/recovery/index.html,https://www.youtube.com/@LititzBMX17543,EXTERNAL,
research/recovery/index.html,https://github.com/Article134-tech/lititzbmx-docs,EXTERNAL,
research/recovery/index.html,../../browse/index.html,PASS,/mnt/data/Lititz_BMX_Public_Knowledge_Register_Branded_Release_Candidate_v1.0.0/lititzbmx-public-knowledge-register/browse/index.html
research/recovery/index.html,../../sources-rights-corrections/index.html,PASS,/mnt/data/Lititz_BMX_Public_Knowledge_Register_Branded_Release_Candidate_v1.0.0/lititzbmx-public-knowledge-register/sources-rights-corrections/index.html
research/recovery/index.html,../../research/recovery/index.html,PASS,/mnt/data/Lititz_BMX_Public_Knowledge_Register_Branded_Release_Candidate_v1.0.0/lititzbmx-public-knowledge-register/research/recovery/index.html
research/recovery/index.html,https://lititzbmx.com/,EXTERNAL,
sources/catalogs/haro/1990/index.html,#main,PASS,
sources/catalogs/haro/1990/index.html,../../../../index.html,PASS,/mnt/data/Lititz_BMX_Public_Knowledge_Register_Branded_Release_Candidate_v1.0.0/lititzbmx-public-knowledge-register/index.html
sources/catalogs/haro/1990/index.html,../../../../index.html,PASS,/mnt/data/Lititz_BMX_Public_Knowledge_Register_Branded_Release_Candidate_v1.0.0/lititzbmx-public-knowledge-register/index.html
sources/catalogs/haro/1990/index.html,../../../../browse/index.html,PASS,/mnt/data/Lititz_BMX_Public_Knowledge_Register_Branded_Release_Candidate_v1.0.0/lititzbmx-public-knowledge-register/browse/index.html
sources/catalogs/haro/1990/index.html,../../../../ephemera/index.html,PASS,/mnt/data/Lititz_BMX_Public_Knowledge_Register_Branded_Release_Candidate_v1.0.0/lititzbmx-public-knowledge-register/ephemera/index.html
sources/catalogs/haro/1990/index.html,../../../../prices/index.html,PASS,/mnt/data/Lititz_BMX_Public_Knowledge_Register_Branded_Release_Candidate_v1.0.0/lititzbmx-public-knowledge-register/prices/index.html
sources/catalogs/haro/1990/index.html,../../../../chronology/index.html,PASS,/mnt/data/Lititz_BMX_Public_Knowledge_Register_Branded_Release_Candidate_v1.0.0/lititzbmx-public-knowledge-register/chronology/index.html
sources/catalogs/haro/1990/index.html,../../../../sources-rights-corrections/index.html,PASS,/mnt/data/Lititz_BMX_Public_Knowledge_Register_Branded_Release_Candidate_v1.0.0/lititzbmx-public-knowledge-register/sources-rights-corrections/index.html
sources/catalogs/haro/1990/index.html,../../../../research/recovery/index.html,PASS,/mnt/data/Lititz_BMX_Public_Knowledge_Register_Branded_Release_Candidate_v1.0.0/lititzbmx-public-knowledge-register/research/recovery/index.html
sources/catalogs/haro/1990/index.html,https://sites.google.com/view/lititzbmxinventorylist/,EXTERNAL,
sources/catalogs/haro/1990/index.html,https://github.com/Article134-tech/lititzbmx-docs/tree/main/public-knowledge-register,EXTERNAL,
sources/catalogs/haro/1990/index.html,../../../../index.html,PASS,/mnt/data/Lititz_BMX_Public_Knowledge_Register_Branded_Release_Candidate_v1.0.0/lititzbmx-public-knowledge-register/index.html
sources/catalogs/haro/1990/index.html,../../../../ephemera/index.html#catalogs,PASS,/mnt/data/Lititz_BMX_Public_Knowledge_Register_Branded_Release_Candidate_v1.0.0/lititzbmx-public-knowledge-register/ephemera/index.html
sources/catalogs/haro/1990/index.html,#SRC-HARO-OFFICIAL,PASS,
sources/catalogs/haro/1990/index.html,#CLAIM-HARO-1990-001,PASS,
sources/catalogs/haro/1990/index.html,#SRC-HARO-TITLE,PASS,
sources/catalogs/haro/1990/index.html,#CLAIM-HARO-1990-002,PASS,
sources/catalogs/haro/1990/index.html,#SRC-HARO-OFFICIAL,PASS,
sources/catalogs/haro/1990/index.html,#SRC-HARO-RECON,PASS,
sources/catalogs/haro/1990/index.html,#SRC-HARO-TITLE,PASS,
sources/catalogs/haro/1990/index.html,#CLAIM-HARO-1990-003,PASS,
sources/catalogs/haro/1990/index.html,https://archive.harobikes.com/bmx,EXTERNAL,
sources/catalogs/haro/1990/index.html,https://www.bmx-catalogue.com/haro/mid-school/1990/model.html,EXTERNAL,
sources/catalogs/haro/1990/index.html,https://storage.googleapis.com/dioyjtkukhpqse/haro-bmx-catalog.html,EXTERNAL,
sources/catalogs/haro/1990/index.html,#overview,PASS,
sources/catalogs/haro/1990/index.html,#facts,PASS,
sources/catalogs/haro/1990/index.html,#claims,PASS,
sources/catalogs/haro/1990/index.html,#open-questions,PASS,
sources/catalogs/haro/1990/index.html,#sources,PASS,
sources/catalogs/haro/1990/index.html,#rights,PASS,
sources/catalogs/haro/1990/index.html,#review,PASS,
sources/catalogs/haro/1990/index.html,../../../../index.html,PASS,/mnt/data/Lititz_BMX_Public_Knowledge_Register_Branded_Release_Candidate_v1.0.0/lititzbmx-public-knowledge-register/index.html
sources/catalogs/haro/1990/index.html,https://sites.google.com/view/lititzbmxinventorylist/,EXTERNAL,
sources/catalogs/haro/1990/index.html,https://github.com/Article134-tech/lititzbmx-docs/tree/main/record-collection,EXTERNAL,
sources/catalogs/haro/1990/index.html,https://www.youtube.com/@LititzBMX17543,EXTERNAL,
sources/catalogs/haro/1990/index.html,https://github.com/Article134-tech/lititzbmx-docs,EXTERNAL,
sources/catalogs/haro/1990/index.html,../../../../browse/index.html,PASS,/mnt/data/Lititz_BMX_Public_Knowledge_Register_Branded_Release_Candidate_v1.0.0/lititzbmx-public-knowledge-register/browse/index.html
sources/catalogs/haro/1990/index.html,../../../../sources-rights-corrections/index.html,PASS,/mnt/data/Lititz_BMX_Public_Knowledge_Register_Branded_Release_Candidate_v1.0.0/lititzbmx-public-knowledge-register/sources-rights-corrections/index.html
sources/catalogs/haro/1990/index.html,../../../../research/recovery/index.html,PASS,/mnt/data/Lititz_BMX_Public_Knowledge_Register_Branded_Release_Candidate_v1.0.0/lititzbmx-public-knowledge-register/research/recovery/index.html
sources/catalogs/haro/1990/index.html,https://lititzbmx.com/,EXTERNAL,
sources-rights-corrections/index.html,#main,PASS,
sources-rights-corrections/index.html,../index.html,PASS,/mnt/data/Lititz_BMX_Public_Knowledge_Register_Branded_Release_Candidate_v1.0.0/lititzbmx-public-knowledge-register/index.html
sources-rights-corrections/index.html,../index.html,PASS,/mnt/data/Lititz_BMX_Public_Knowledge_Register_Branded_Release_Candidate_v1.0.0/lititzbmx-public-knowledge-register/index.html
sources-rights-corrections/index.html,../browse/index.html,PASS,/mnt/data/Lititz_BMX_Public_Knowledge_Register_Branded_Release_Candidate_v1.0.0/lititzbmx-public-knowledge-register/browse/index.html
sources-rights-corrections/index.html,../ephemera/index.html,PASS,/mnt/data/Lititz_BMX_Public_Knowledge_Register_Branded_Release_Candidate_v1.0.0/lititzbmx-public-knowledge-register/ephemera/index.html
sources-rights-corrections/index.html,../prices/index.html,PASS,/mnt/data/Lititz_BMX_Public_Knowledge_Register_Branded_Release_Candidate_v1.0.0/lititzbmx-public-knowledge-register/prices/index.html
sources-rights-corrections/index.html,../chronology/index.html,PASS,/mnt/data/Lititz_BMX_Public_Knowledge_Register_Branded_Release_Candidate_v1.0.0/lititzbmx-public-knowledge-register/chronology/index.html
sources-rights-corrections/index.html,../sources-rights-corrections/index.html,PASS,/mnt/data/Lititz_BMX_Public_Knowledge_Register_Branded_Release_Candidate_v1.0.0/lititzbmx-public-knowledge-register/sources-rights-corrections/index.html
sources-rights-corrections/index.html,../research/recovery/index.html,PASS,/mnt/data/Lititz_BMX_Public_Knowledge_Register_Branded_Release_Candidate_v1.0.0/lititzbmx-public-knowledge-register/research/recovery/index.html
sources-rights-corrections/index.html,https://sites.google.com/view/lititzbmxinventorylist/,EXTERNAL,
sources-rights-corrections/index.html,https://github.com/Article134-tech/lititzbmx-docs/tree/main/public-knowledge-register,EXTERNAL,
sources-rights-corrections/index.html,../index.html,PASS,/mnt/data/Lititz_BMX_Public_Knowledge_Register_Branded_Release_Candidate_v1.0.0/lititzbmx-public-knowledge-register/index.html
sources-rights-corrections/index.html,https://lititzbmx.com/,EXTERNAL,
sources-rights-corrections/index.html,../downloads/Lititz_BMX_BMXMuseum_Public_Knowledge_Register_v1.8.xlsx,PASS,/mnt/data/Lititz_BMX_Public_Knowledge_Register_Branded_Release_Candidate_v1.0.0/lititzbmx-public-knowledge-register/downloads/Lititz_BMX_BMXMuseum_Public_Knowledge_Register_v1.8.xlsx
sources-rights-corrections/index.html,../data/schema/lititz-bmx-public-record.schema.json,PASS,/mnt/data/Lititz_BMX_Public_Knowledge_Register_Branded_Release_Candidate_v1.0.0/lititzbmx-public-knowledge-register/data/schema/lititz-bmx-public-record.schema.json
sources-rights-corrections/index.html,../data/records/index.json,PASS,/mnt/data/Lititz_BMX_Public_Knowledge_Register_Branded_Release_Candidate_v1.0.0/lititzbmx-public-knowledge-register/data/records/index.json
sources-rights-corrections/index.html,../downloads/public-build-queue-v1.8.csv,PASS,/mnt/data/Lititz_BMX_Public_Knowledge_Register_Branded_Release_Candidate_v1.0.0/lititzbmx-public-knowledge-register/downloads/public-build-queue-v1.8.csv
sources-rights-corrections/index.html,../index.html,PASS,/mnt/data/Lititz_BMX_Public_Knowledge_Register_Branded_Release_Candidate_v1.0.0/lititzbmx-public-knowledge-register/index.html
sources-rights-corrections/index.html,https://sites.google.com/view/lititzbmxinventorylist/,EXTERNAL,
sources-rights-corrections/index.html,https://github.com/Article134-tech/lititzbmx-docs/tree/main/record-collection,EXTERNAL,
sources-rights-corrections/index.html,https://www.youtube.com/@LititzBMX17543,EXTERNAL,
sources-rights-corrections/index.html,https://github.com/Article134-tech/lititzbmx-docs,EXTERNAL,
sources-rights-corrections/index.html,../browse/index.html,PASS,/mnt/data/Lititz_BMX_Public_Knowledge_Register_Branded_Release_Candidate_v1.0.0/lititzbmx-public-knowledge-register/browse/index.html
sources-rights-corrections/index.html,../sources-rights-corrections/index.html,PASS,/mnt/data/Lititz_BMX_Public_Knowledge_Register_Branded_Release_Candidate_v1.0.0/lititzbmx-public-knowledge-register/sources-rights-corrections/index.html
sources-rights-corrections/index.html,../research/recovery/index.html,PASS,/mnt/data/Lititz_BMX_Public_Knowledge_Register_Branded_Release_Candidate_v1.0.0/lititzbmx-public-knowledge-register/research/recovery/index.html
sources-rights-corrections/index.html,https://lititzbmx.com/,EXTERNAL,
