Canonical Object ID,Title,Brand / Promoter,Date Text,Object Type,Source Occurrence Count,Member Record IDs,Duplicate Group,Canonical Decision,Confidence,Rights Code,Research Status,Object URL
OBJ-0001,1996 GT/Dyno — The BMX & Freestyle Catalog,GT; Dyno,1996,Catalog,2,EPH-0001 | EPH-0018,DUP-GTD-1996,MERGE identity; preserve source occurrence,MEDIUM,INDEX-ONLY,Lead — locate exact reference ID and edition/page count.,https://article134-tech.github.io/lititzbmx-public-knowledge-register/objects/index.html#OBJ-0001
OBJ-0002,1992 GT/Dyno Product Catalog,GT; Dyno,1992,Catalog,2,EPH-0002 | EPH-0017,DUP-GTD-1992,MERGE identity; preserve source occurrence,MEDIUM,INDEX-ONLY,Lead — locate exact reference and compare with independent catalog archives.,https://article134-tech.github.io/lititzbmx-public-knowledge-register/objects/index.html#OBJ-0002
OBJ-0003,1999 GT/Dyno BMX/Freestyle — Part 2,GT; Dyno,1999,Catalog,2,EPH-0003 | EPH-0019,DUP-GTD-1999-P2,MERGE identity; preserve source occurrence,LOW-MEDIUM,INDEX-ONLY,"Lead — locate part 1, exact reference IDs and page ranges.",https://article134-tech.github.io/lititzbmx-public-knowledge-register/objects/index.html#OBJ-0003
OBJ-0004,1990 Haro BMX Catalog,Haro,1990,Catalog,2,EPH-0004 | EPH-0023,DUP-HARO-1990-CAT,MERGE identity; preserve source occurrence,LOW-MEDIUM,INDEX-ONLY,Verified catalog existence — recover exact BMXMuseum ID and compare editions/pages.,https://article134-tech.github.io/lititzbmx-public-knowledge-register/objects/index.html#OBJ-0004
OBJ-0005,1987 Dia-Compe 182 Aerial Brake Lever,Dia-Compe,1987,Product literature,1,EPH-0005,,RETAIN — unique source record,MEDIUM,INDEX-ONLY,"Lead — identify publication, page and exact BMXMuseum reference.",https://article134-tech.github.io/lititzbmx-public-knowledge-register/objects/index.html#OBJ-0005
OBJ-0006,Ashtabula component catalog,Ashtabula,circa 1977 (unverified),Catalog,2,EPH-0006 | EPH-0031,DUP-ASHT-5027,MERGE identity; preserve source occurrence,HIGH for object; MEDIUM for date,INDEX-ONLY,Exact reference recovered — inspect edition/page structure only through permitted access.,https://article134-tech.github.io/lititzbmx-public-knowledge-register/objects/index.html#OBJ-0006
OBJ-0007,1997 Hoffman catalog — George model specification,Hoffman Bikes,1997,Catalog,1,EPH-0007,,RETAIN — unique source record,HIGH for reference existence; MEDIUM for interpreted model data,INDEX-ONLY,Open — record exact page and compare with other Hoffman catalogs.,https://article134-tech.github.io/lititzbmx-public-knowledge-register/objects/index.html#OBJ-0007
OBJ-0008,Tioga Rhino III frame advertisement,Tioga; Tange,1983 lead,Magazine advertisement,1,EPH-0008,,RETAIN — unique source record,LOW-MEDIUM,INDEX-ONLY,"Lead — recover exact thread, magazine issue and page.",https://article134-tech.github.io/lititzbmx-public-knowledge-register/objects/index.html#OBJ-0008
OBJ-0009,First Torker advertisement in BMX Weekly,Torker,December 1976,Magazine advertisement,2,EPH-0009 | EPH-0047,DUP-TORKER-FIRST-AD,MERGE identity; preserve source occurrence,MEDIUM-HIGH,INDEX-ONLY,Priority — locate the period issue and ad image lawfully.,https://article134-tech.github.io/lititzbmx-public-knowledge-register/objects/index.html#OBJ-0009
OBJ-0010,First Red Line magazine advertisement featuring John Palfreyman,Red Line; John Palfreyman,1970s; exact issue pending,Magazine advertisement,2,EPH-0010 | EPH-0037,DUP-REDLINE-FIRST-AD,MERGE identity; preserve source occurrence,HIGH for relationship; MEDIUM for bibliographic detail,INDEX-ONLY,"Priority — identify magazine, issue, page and product shown.",https://article134-tech.github.io/lititzbmx-public-knowledge-register/objects/index.html#OBJ-0010
OBJ-0011,JMC Racing Fliers and Price List,JMC Racing,Undated,Combined flyer / price-list set,1,EPH-0011,,RETAIN — unique source record,MEDIUM,INDEX-ONLY,"Priority — locate exact reference ID, count pages and transcribe only clearly labeled factual price fields.",https://article134-tech.github.io/lititzbmx-public-knowledge-register/objects/index.html#OBJ-0011
OBJ-0012,Vintage JMC Racing Equipment dealer's price list from Azusa collection,JMC Racing; Azusa collection,Undated vintage document; public post 2026,Dealer price list,1,EPH-0012,,RETAIN — unique source record,LOW-MEDIUM,INDEX-ONLY,Corroboration lead — do not merge with BMXMuseum set until directly compared.,https://article134-tech.github.io/lititzbmx-public-knowledge-register/objects/index.html#OBJ-0012
OBJ-0013,July 1979 JMC advertisement,JMC Racing,July 1979 issue; ran over multiple months,Magazine advertisement,1,EPH-0013,,RETAIN — unique source record,HIGH for bibliographic identity,INDEX-ONLY / PERMISSION REQUIRED,Included — index metadata; do not reproduce image or extended copy.,https://article134-tech.github.io/lititzbmx-public-knowledge-register/objects/index.html#OBJ-0013
OBJ-0014,April 1981 JMC advertisement,JMC Racing; Black Shadow; 3.1 XL,April 1981; appeared in multiple months,Magazine advertisement,1,EPH-0014,,RETAIN — unique source record,HIGH for source/date; MEDIUM-HIGH for summarized claims,INDEX-ONLY,Included — preserve claim-level evidence and recover page/issue details.,https://article134-tech.github.io/lititzbmx-public-knowledge-register/objects/index.html#OBJ-0014
OBJ-0015,1981 JMC Factory Team advertisement,JMC Racing; JMC Factory Team,1981,Team advertisement,1,EPH-0015,,RETAIN — unique source record,MEDIUM-HIGH,INDEX-ONLY,Included — identify publication/issue and riders shown before detailed extraction.,https://article134-tech.github.io/lititzbmx-public-knowledge-register/objects/index.html#OBJ-0015
OBJ-0016,JMC 3.1 XL naming-contest announcement,JMC Racing; Bicycle Harbor of Arizona; Matt Raymer,1980,Promotional announcement / naming contest,1,EPH-0016,,RETAIN — unique source record,HIGH for historical claim; LOW for object recovery,INDEX-ONLY,Lead — locate the ABA paper issue and announcement; do not imply an exact scan has been found.,https://article134-tech.github.io/lititzbmx-public-knowledge-register/objects/index.html#OBJ-0016
OBJ-0017,Dynamic BMX complete-bike price advertisement,GT; Dyno; Haro; Auburn,August 1987,Retailer advertisement / price list,1,EPH-0020,,RETAIN — unique source record,MEDIUM-HIGH for clear rows,INDEX-ONLY,INCLUDED — clear prices only,https://article134-tech.github.io/lititzbmx-public-knowledge-register/objects/index.html#OBJ-0017
OBJ-0018,Complete-bike mail-order price advertisement,GT; Dyno; Skyway; Haro,July 1987,Retailer advertisement / price list,1,EPH-0021,,RETAIN — unique source record,MEDIUM-HIGH for clear rows,INDEX-ONLY,INCLUDED — clear prices only,https://article134-tech.github.io/lititzbmx-public-knowledge-register/objects/index.html#OBJ-0018
OBJ-0019,BMX Plus! / GT Hide-A-Contest entry form,GT; BMX Plus!,Deadline 1987-09-28; drawing 1987-10-05,Contest entry form / promotion,2,EPH-0022 | EPH-0053,DUP-GT-HIDE-CONTEST,MERGE identity; preserve source occurrence,HIGH for dates,INDEX-ONLY,INCLUDED — bibliographic facts; prize details open,https://article134-tech.github.io/lititzbmx-public-knowledge-register/objects/index.html#OBJ-0019
OBJ-0020,1990 Haro Group 1A,Haro,1990,Catalog model page,1,EPH-0024,,RETAIN — unique source record,MEDIUM-HIGH,INDEX-ONLY,INCLUDED WITH ATTRIBUTION,https://article134-tech.github.io/lititzbmx-public-knowledge-register/objects/index.html#OBJ-0020
OBJ-0021,1990 Haro Group 1B,Haro,1990,Catalog model page,1,EPH-0025,,RETAIN — unique source record,MEDIUM,INDEX-ONLY,INCLUDED WITH ATTRIBUTION,https://article134-tech.github.io/lititzbmx-public-knowledge-register/objects/index.html#OBJ-0021
OBJ-0022,1990 Haro Group 1C,Haro,1990,Catalog model page,1,EPH-0026,,RETAIN — unique source record,MEDIUM-HIGH,INDEX-ONLY,INCLUDED WITH ATTRIBUTION,https://article134-tech.github.io/lititzbmx-public-knowledge-register/objects/index.html#OBJ-0022
OBJ-0023,1990 Haro Master / Team Master,Haro,1990,Catalog model page,1,EPH-0027,,RETAIN — unique source record,MEDIUM-HIGH,INDEX-ONLY,INCLUDED WITH ATTRIBUTION,https://article134-tech.github.io/lititzbmx-public-knowledge-register/objects/index.html#OBJ-0023
OBJ-0024,1990 Haro Invert,Haro,1990,Catalog model page,1,EPH-0028,,RETAIN — unique source record,MEDIUM-HIGH,INDEX-ONLY,INCLUDED WITH ATTRIBUTION,https://article134-tech.github.io/lititzbmx-public-knowledge-register/objects/index.html#OBJ-0024
OBJ-0025,1990 Haro Shredder,Haro,1990,Catalog model list,1,EPH-0029,,RETAIN — unique source record,MEDIUM,INDEX-ONLY,OPEN — locate original catalog page,https://article134-tech.github.io/lititzbmx-public-knowledge-register/objects/index.html#OBJ-0025
OBJ-0026,1991 Haro/Fusion catalog offer,Haro; Fusion,1991 catalog; ad in Nov 1991,Catalog mailer / advertisement,2,EPH-0030 | EPH-0055,DUP-HARO-1991-MAILER,MERGE identity; preserve source occurrence,HIGH for offer,INDEX-ONLY,INCLUDED — mailer object,https://article134-tech.github.io/lititzbmx-public-knowledge-register/objects/index.html#OBJ-0026
OBJ-0027,Ashtabula crank length range,Ashtabula,circa 1977; interpretation,Catalog claim,1,EPH-0032,,RETAIN — unique source record,MEDIUM,INDEX-ONLY,INCLUDED WITH ATTRIBUTION,https://article134-tech.github.io/lititzbmx-public-knowledge-register/objects/index.html#OBJ-0027
OBJ-0028,Ashtabula fork sizing and 6-3/4-inch steerer discussion,Ashtabula,circa 1977; interpretation,Catalog claim,1,EPH-0033,,RETAIN — unique source record,MEDIUM,INDEX-ONLY,INCLUDED WITH ATTRIBUTION,https://article134-tech.github.io/lititzbmx-public-knowledge-register/objects/index.html#OBJ-0028
OBJ-0029,Mongoose 1979/80 catalog — Ashtabula one-piece cranks,Mongoose; Ashtabula,1979/80,Manufacturer/distributor catalog page,1,EPH-0034,,RETAIN — unique source record,HIGH,INDEX-ONLY,INCLUDED — visual page inspected,https://article134-tech.github.io/lititzbmx-public-knowledge-register/objects/index.html#OBJ-0029
OBJ-0030,Mongoose 1976–77 accessories — Ashtabula/Cecor pedals,Mongoose; Ashtabula/Cecor,1976–77,Manufacturer/distributor catalog page,1,EPH-0035,,RETAIN — unique source record,MEDIUM-HIGH,INDEX-ONLY,INCLUDED — visual page inspected,https://article134-tech.github.io/lititzbmx-public-knowledge-register/objects/index.html#OBJ-0030
OBJ-0031,1978 Redline product catalog,Redline,1978,Product catalog,1,EPH-0036,,RETAIN — unique source record,MEDIUM-HIGH,INDEX-ONLY,INCLUDED WITH ATTRIBUTION,https://article134-tech.github.io/lititzbmx-public-knowledge-register/objects/index.html#OBJ-0031
OBJ-0032,RL 20 II Prostyler first dedicated freestyle kit,Redline,Summer 1985,Product announcement / kit,1,EPH-0038,,RETAIN — unique source record,MEDIUM-HIGH,INDEX-ONLY,INCLUDED WITH ATTRIBUTION,https://article134-tech.github.io/lititzbmx-public-knowledge-register/objects/index.html#OBJ-0032
OBJ-0033,Vintage Mongoose catalog and dealer-price archive,Mongoose,1970s onward,Archive collection,1,EPH-0039,,RETAIN — unique source record,HIGH for archive scope,INDEX-ONLY,INCLUDED — discovery hub,https://article134-tech.github.io/lititzbmx-public-knowledge-register/objects/index.html#OBJ-0033
OBJ-0034,1976–77 Bicycle and Components Catalog,Mongoose,1976–77,Manufacturer catalog,1,EPH-0040,,RETAIN — unique source record,HIGH,INDEX-ONLY,INCLUDED — page inspected,https://article134-tech.github.io/lititzbmx-public-knowledge-register/objects/index.html#OBJ-0034
OBJ-0035,1979/80 Bicycle and Components Catalog,Mongoose,1979/80,Manufacturer catalog,1,EPH-0041,,RETAIN — unique source record,HIGH,INDEX-ONLY,INCLUDED — page inspected,https://article134-tech.github.io/lititzbmx-public-knowledge-register/objects/index.html#OBJ-0035
OBJ-0036,1985 Repco price list — Mongoose and parts,Mongoose,1985,Distributor price list,1,EPH-0042,,RETAIN — unique source record,MEDIUM,INDEX-ONLY,INCLUDED WITH CURRENCY CAUTION,https://article134-tech.github.io/lititzbmx-public-knowledge-register/objects/index.html#OBJ-0036
OBJ-0037,PK Ripper late-1970s debut,SE Racing,Late 1970s,Product-history object,1,EPH-0043,,RETAIN — unique source record,MEDIUM-HIGH,INDEX-ONLY,INCLUDED WITH ATTRIBUTION,https://article134-tech.github.io/lititzbmx-public-knowledge-register/objects/index.html#OBJ-0037
OBJ-0038,Perry Kramer initials on PK Ripper,SE Racing,Since early 1979,Rider/model naming history,1,EPH-0044,,RETAIN — unique source record,HIGH for relationship,INDEX-ONLY,INCLUDED — relationship evidence,https://article134-tech.github.io/lititzbmx-public-knowledge-register/objects/index.html#OBJ-0038
OBJ-0039,Silver Streak team advertisement and product naming,Diamond Back,1982,Team/product advertisement,1,EPH-0045,,RETAIN — unique source record,HIGH for period object,INDEX-ONLY,INCLUDED — campaign object,https://article134-tech.github.io/lititzbmx-public-knowledge-register/objects/index.html#OBJ-0039
OBJ-0040,Free Diamond Back and Pro Star info pack and decal,Diamond Back,1982,Information-pack mailer,2,EPH-0046 | EPH-0054,DUP-DB-INFO-PACK,MERGE identity; preserve source occurrence,HIGH for offer,INDEX-ONLY,INCLUDED — mailer/flyer lead,https://article134-tech.github.io/lititzbmx-public-knowledge-register/objects/index.html#OBJ-0040
OBJ-0041,Fullerton-era Torker model archive,Torker,1976–1984,Model archive,1,EPH-0048,,RETAIN — unique source record,HIGH for archive role,INDEX-ONLY,INCLUDED — discovery and verification hub,https://article134-tech.github.io/lititzbmx-public-knowledge-register/objects/index.html#OBJ-0041
OBJ-0042,1979 National Number One team / 1980 world-pro chronology,Torker,1979–1980,Factory-team history,1,EPH-0049,,RETAIN — unique source record,MEDIUM-HIGH,INDEX-ONLY,INCLUDED WITH ATTRIBUTION,https://article134-tech.github.io/lititzbmx-public-knowledge-register/objects/index.html#OBJ-0042
OBJ-0043,Pontin's BMX Open Championships & Trade Exhibition,Pontin's; UK BMX organizers,1983-10-07 to 1983-10-09,Event flyer / trade-exhibition notice,1,EPH-0050,,RETAIN — unique source record,HIGH,INDEX-ONLY,INCLUDED — exact dates/venue,https://article134-tech.github.io/lititzbmx-public-knowledge-register/objects/index.html#OBJ-0043
OBJ-0044,Lee Cooper BMX Indoor Grand Prix pre-registration,Lee Cooper,Winter 1982–83; exact event dates open,Event registration coupon,1,EPH-0051,,RETAIN — unique source record,MEDIUM-HIGH,INDEX-ONLY,INCLUDED — exact dates pending,https://article134-tech.github.io/lititzbmx-public-knowledge-register/objects/index.html#OBJ-0044
OBJ-0045,AFA Expert & Pro Contest — Austin,AFA,1987-05-02 to 1987-05-03,Event entry / pre-registration advertisement,1,EPH-0052,,RETAIN — unique source record,HIGH,INDEX-ONLY,INCLUDED,https://article134-tech.github.io/lititzbmx-public-knowledge-register/objects/index.html#OBJ-0045
OBJ-0046,Send SAE for price list and free sticker,Retailer/dealer unresolved from indexed alignment,September 1982,Dealer price-list / sticker offer,1,EPH-0056,,RETAIN — unique source record,MEDIUM,INDEX-ONLY,INCLUDED WITH LIMITS,https://article134-tech.github.io/lititzbmx-public-knowledge-register/objects/index.html#OBJ-0046
OBJ-0047,"Ramp Jam — Moorhead, Minnesota",Local organizer; Rob Staiger contact,1987-05-02,Event notice / contact flyer,1,EPH-0057,,RETAIN — unique source record,MEDIUM-HIGH,INDEX-ONLY,INCLUDED — venue open,https://article134-tech.github.io/lititzbmx-public-knowledge-register/objects/index.html#OBJ-0047
OBJ-0048,DYNO Tour promotional stop listing,Dyno,1987,Tour promotion / route notice,1,EPH-0058,,RETAIN — unique source record,MEDIUM,INDEX-ONLY,INCLUDED — stops pending,https://article134-tech.github.io/lititzbmx-public-knowledge-register/objects/index.html#OBJ-0048
OBJ-0049,Diamond Back Silver Streak free draw at Lee Cooper event,Lee Cooper; Diamond Back,Winter 1982–83,Event prize promotion,1,EPH-0059,,RETAIN — unique source record,MEDIUM-HIGH,INDEX-ONLY,INCLUDED,https://article134-tech.github.io/lititzbmx-public-knowledge-register/objects/index.html#OBJ-0049
OBJ-0050,Langsett Cycles BMX product advertisement,Langsett Cycles,December 1983 issue,Dealer advertisement / price-list lead,1,EPH-0060,,RETAIN — unique source record,MEDIUM-HIGH,INDEX-ONLY,INCLUDED — deeper transcription deferred,https://article134-tech.github.io/lititzbmx-public-knowledge-register/objects/index.html#OBJ-0050
OBJ-0051,SR Cycles product and team promotion,SR Cycles; SR Jets,October 1983,Dealer/shop advertisement,1,EPH-0061,,RETAIN — unique source record,MEDIUM-HIGH,INDEX-ONLY,INCLUDED,https://article134-tech.github.io/lititzbmx-public-knowledge-register/objects/index.html#OBJ-0051
