Chronology ID,Start Year,End Year,Date Text,Brand / Promoter,Title,Object Type,Source Stage,Master ID,Duplicate Group,Confidence,Source URL,Chronology Note
CHR-004,1970,1970,1970s onward,Mongoose,Vintage Mongoose catalog and dealer-price archive,Archive collection,v0.8,EPH-0039,,HIGH for archive scope,https://www.vintagemongoose.com/,Dated/period placement
CHR-002,1970,1970,1970s; exact issue open,Redline,First Red Line magazine advertisement featuring John Palfreyman,Magazine advertisement,v0.8,EPH-0037,DUP-REDLINE-FIRST-AD,HIGH for relationship; MEDIUM for object,https://www.usabmx.com/news-and-media/6/2012-05-10/National-BMX-Hall-of-Fame-2012-Inductees-Announced?id=580,Year is provisional
CHR-001,1970,1970,1970s; exact issue pending,Red Line; John Palfreyman,First Red Line magazine advertisement featuring John Palfreyman,Magazine advertisement,v0.5 inherited,EPH-0010,DUP-REDLINE-FIRST-AD,HIGH for relationship; MEDIUM for bibliographic detail,https://bmxmuseum.com/bikes/redline/,Dated/period placement
CHR-003,1970,1970,Late 1970s,SE Racing,PK Ripper late-1970s debut,Product-history object,v0.8,EPH-0043,,MEDIUM-HIGH,https://www.sebikes.com/blogs/news/elite-race-series,Dated/period placement
CHR-008,1976,1984,1976–1984,Torker,Fullerton-era Torker model archive,Model archive,v0.8,EPH-0048,,HIGH for archive role,https://torkerracing.com/pages/torker-bmx-models,Dated/period placement
CHR-005,1976,1976,1976–77,Mongoose,1976–77 Bicycle and Components Catalog,Manufacturer catalog,v0.8,EPH-0040,,HIGH,https://www.vintagemongoose.com/pdfs/mongoose_cat76-77.pdf,Dated/period placement
CHR-009,1976,1976,1976–77,Mongoose; Ashtabula/Cecor,Mongoose 1976–77 accessories — Ashtabula/Cecor pedals,Manufacturer/distributor catalog page,v0.7,EPH-0035,,MEDIUM-HIGH,https://www.vintagemongoose.com/pdfs/mongoose_cat76-77.pdf,Dated/period placement
CHR-006,1976,1976,December 1976,Torker,First Torker advertisement in BMX Weekly,Magazine advertisement,v0.5 inherited,EPH-0009,DUP-TORKER-FIRST-AD,MEDIUM-HIGH,https://torkerracing.com/pages/the-fullerton-era-torker-bmx-history,Dated/period placement
CHR-007,1976,1976,December 1976,Torker,First Torker advertisement in BMX Weekly,Magazine advertisement,v0.8,EPH-0047,DUP-TORKER-FIRST-AD,MEDIUM-HIGH,https://torkerracing.com/pages/the-fullerton-era-torker-bmx-history,Dated/period placement
CHR-010,1977,1977,circa 1977 (unverified),Ashtabula,Ashtabula component catalog,Catalog,v0.5 inherited,EPH-0006,DUP-ASHT-5027,HIGH for object; MEDIUM for date,https://bmxmuseum.com/reference/5027,Year is provisional
CHR-011,1977,1977,circa 1977; date provisional,Ashtabula,Ashtabula component catalog,Component catalog,v0.7,EPH-0031,DUP-ASHT-5027,HIGH for ID; MEDIUM for date,https://bmxmuseum.com/reference/5027,Year is provisional
CHR-012,1977,1977,circa 1977; interpretation,Ashtabula,Ashtabula crank length range,Catalog claim,v0.7,EPH-0032,,MEDIUM,https://thecabe.com/forum/threads/ashtabula-fork-identification-help.253603/,Year is provisional
CHR-013,1977,1977,circa 1977; interpretation,Ashtabula,Ashtabula fork sizing and 6-3/4-inch steerer discussion,Catalog claim,v0.7,EPH-0033,,MEDIUM,https://thecabe.com/forum/threads/ashtabula-fork-identification-help.253603/,Year is provisional
CHR-014,1978,1978,1978,Redline,1978 Redline product catalog,Product catalog,v0.8,EPH-0036,,MEDIUM-HIGH,https://www.redlinevintagebmx.com/redline-history,Dated/period placement
CHR-016,1979,1979,1979/80,Mongoose,1979/80 Bicycle and Components Catalog,Manufacturer catalog,v0.8,EPH-0041,,HIGH,https://www.vintagemongoose.com/pdfs/mongoose_cat79-80.pdf,Dated/period placement
CHR-018,1979,1979,1979/80,Mongoose; Ashtabula,Mongoose 1979/80 catalog — Ashtabula one-piece cranks,Manufacturer/distributor catalog page,v0.7,EPH-0034,,HIGH,https://www.vintagemongoose.com/pdfs/mongoose_cat79-80.pdf,Dated/period placement
CHR-015,1979,1980,1979–1980,Torker,1979 National Number One team / 1980 world-pro chronology,Factory-team history,v0.8,EPH-0049,,MEDIUM-HIGH,https://torkerracing.com/blogs/news/torker-bmx-number-one-team-in-america,Dated/period placement
CHR-017,1979,1979,July 1979 issue; ran over multiple months,JMC Racing,July 1979 JMC advertisement,Magazine advertisement,v0.5 inherited,EPH-0013,,HIGH for bibliographic identity,https://jmcbmx.wordpress.com/2010/02/03/july-1979-advertisement/,Dated/period placement
CHR-019,1979,1979,Since early 1979,SE Racing,Perry Kramer initials on PK Ripper,Rider/model naming history,v0.8,EPH-0044,,HIGH for relationship,https://www.sebikes.com/pages/perry-kramer,Dated/period placement
CHR-020,1980,1980,1980,JMC Racing; Bicycle Harbor of Arizona; Matt Raymer,JMC 3.1 XL naming-contest announcement,Promotional announcement / naming contest,v0.5 inherited,EPH-0016,,HIGH for historical claim; LOW for object recovery,https://jmcbmx.wordpress.com/about/,Dated/period placement
CHR-021,1981,1981,1981,JMC Racing; JMC Factory Team,1981 JMC Factory Team advertisement,Team advertisement,v0.5 inherited,EPH-0015,,MEDIUM-HIGH,https://jmcbmx.wordpress.com/2010/02/03/81-jmc-factory-team-advertisement/,Dated/period placement
CHR-022,1981,1981,April 1981; appeared in multiple months,JMC Racing; Black Shadow; 3.1 XL,April 1981 JMC advertisement,Magazine advertisement,v0.5 inherited,EPH-0014,,HIGH for source/date; MEDIUM-HIGH for summarized claims,https://jmcbmx.wordpress.com/2010/02/03/april-1981-advertisement/,Dated/period placement
CHR-025,1982,1982,1982,Diamond Back,Free Diamond Back and Pro Star info pack and decal,Information-pack mailer,v0.8,EPH-0046,DUP-DB-INFO-PACK,HIGH for offer,https://previouspage.co.uk/magazines/BMX%20Action%20Bike/issues/13-april%2Fmay-eighty-two,Dated/period placement
CHR-028,1982,1982,1982,Diamond Back,Silver Streak team advertisement and product naming,Team/product advertisement,v0.8,EPH-0045,,HIGH for period object,https://previouspage.co.uk/magazines/BMX%20Action%20Bike/issues/13-april%2Fmay-eighty-two,Dated/period placement
CHR-024,1982,1982,1982 campaign,Diamond Back; Pro Star,Diamond Back and Pro Star Info Pack & Decal,Information-pack mailer,v0.9,EPH-0054,DUP-DB-INFO-PACK,HIGH for offer,https://previouspage.co.uk/magazines/BMX%20Action%20Bike/issues/13-april%2Fmay-eighty-two,Dated/period placement
CHR-0062,1982,1982,April/May 1982,Midlands Cycles; Suntour; Araya; MKS,Midlands Cycles BMX mail-order special offers,Retailer advertisement / price list,v1.1 expansion,EPH-0062,,MEDIUM-HIGH,https://previouspage.co.uk/magazines/BMX%20Action%20Bike/issues/13-april%2Fmay-eighty-two,Dated/period placement
CHR-0063,1982,1982,April/May 1982,Serval Marketing; JT Racing; AME; Oakley; Johar,Serval Marketing BMX product list and recommended-prices offer,Information-pack mailer,v1.1 expansion,EPH-0063,,MEDIUM-HIGH,https://previouspage.co.uk/magazines/BMX%20Action%20Bike/issues/13-april%2Fmay-eighty-two,Dated/period placement
CHR-0064,1982,1982,April/May 1982,Strongs Cycles; Kuwahara; Red Line; Dia-Compe,Strongs Cycles Kuwahara and Red Line frame/component advertisement,Retailer advertisement / price list,v1.1 expansion,EPH-0064,,MEDIUM-HIGH,https://previouspage.co.uk/magazines/BMX%20Action%20Bike/issues/13-april%2Fmay-eighty-two,Dated/period placement
CHR-0065,1982,1982,April/May 1982,Gecko Leisure Products; Redline; Kuwahara; Race Inc.; MCS,Gecko BMX product range and free Redline/Kuwahara patch offer,Dealer/shop advertisement,v1.1 expansion,EPH-0065,,MEDIUM-HIGH,https://previouspage.co.uk/magazines/BMX%20Action%20Bike/issues/13-april%2Fmay-eighty-two,Dated/period placement
CHR-0066,1982,1982,April/May 1982,Hotshot BMX; Mongoose; Redline; Kuwahara; Diamond Back; GT,Hotshot BMX complete-bike special and free price-list/sticker offer,Dealer price-list / sticker offer,v1.1 expansion,EPH-0066,,MEDIUM-HIGH,https://previouspage.co.uk/magazines/BMX%20Action%20Bike/issues/13-april%2Fmay-eighty-two,Dated/period placement
CHR-0067,1982,1982,April/May 1982,BMX Action Bike; London Dungeon,BMX Action Bike London Dungeon caption competition,Contest entry form / promotion,v1.1 expansion,EPH-0067,,MEDIUM-HIGH,https://previouspage.co.uk/magazines/BMX%20Action%20Bike/issues/13-april%2Fmay-eighty-two,Dated/period placement
CHR-0068,1982,1982,April/May 1982,BMX Action Bike; GT,BMX Action Bike GT Pro 4 bicycle giveaway,Contest entry form,v1.1 expansion,EPH-0068,,HIGH,https://previouspage.co.uk/magazines/BMX%20Action%20Bike/issues/13-april%2Fmay-eighty-two,Dated/period placement
CHR-0069,1982,1982,April/May 1982,"Kenda; Moore, Large & Co.",Kenda Karate free sticker mailer,Information-pack mailer,v1.1 expansion,EPH-0069,,HIGH,https://previouspage.co.uk/magazines/BMX%20Action%20Bike/issues/13-april%2Fmay-eighty-two,Dated/period placement
CHR-0070,1982,1982,April/May 1982,BMX Action Bike; UKBMX Publications,BMX Action Bike track and club list mailer,Catalog mailer,v1.1 expansion,EPH-0070,,HIGH,https://previouspage.co.uk/magazines/BMX%20Action%20Bike/issues/13-april%2Fmay-eighty-two,Dated/period placement
CHR-0071,1982,1982,April/May 1982,SJK Products,SJK Hurricane complete bike and frame-kit advertisement,Product literature,v1.1 expansion,EPH-0071,,MEDIUM-HIGH,https://previouspage.co.uk/magazines/BMX%20Action%20Bike/issues/13-april%2Fmay-eighty-two,Dated/period placement
CHR-0072,1982,1982,April/May 1982,CAMM Distributing,CAMM Power Stem dealer advertisement,Retailer advertisement / price list,v1.1 expansion,EPH-0072,,MEDIUM-HIGH,https://previouspage.co.uk/magazines/BMX%20Action%20Bike/issues/13-april%2Fmay-eighty-two,Dated/period placement
CHR-0073,1982,1982,April/May 1982,Diamond Back; BMX Action Bike,Diamond Back Silver Streak test report and projected retail price,Product-history object,v1.1 expansion,EPH-0073,,HIGH,https://previouspage.co.uk/magazines/BMX%20Action%20Bike/issues/13-april%2Fmay-eighty-two,Dated/period placement
CHR-0074,1982,1982,April/May 1982,UKBMX,UKBMX membership and racing-licence application form,Event registration coupon,v1.1 expansion,EPH-0074,,HIGH,https://previouspage.co.uk/magazines/BMX%20Action%20Bike/issues/13-april%2Fmay-eighty-two,Dated/period placement
CHR-0075,1982,1982,April/May 1982,BMX Action Bike; UKBMX Publications,BMX Action Bike back-issue mailer,Catalog mailer,v1.1 expansion,EPH-0075,,HIGH,https://previouspage.co.uk/magazines/BMX%20Action%20Bike/issues/13-april%2Fmay-eighty-two,Dated/period placement
CHR-0076,1982,1982,April/May 1982,Stronglite; Paul Harvey,Stronglite prototype frame and fork announcement,Product announcement / kit,v1.1 expansion,EPH-0076,,MEDIUM,https://previouspage.co.uk/magazines/BMX%20Action%20Bike/issues/13-april%2Fmay-eighty-two,Dated/period placement
CHR-0077,1982,1982,April/May 1982,Prolite; Freewheeler,Prolite racing helmet retailer offer,Retailer advertisement / price list,v1.1 expansion,EPH-0077,,MEDIUM-HIGH,https://previouspage.co.uk/magazines/BMX%20Action%20Bike/issues/13-april%2Fmay-eighty-two,Dated/period placement
CHR-0078,1982,1982,April/May 1982,Pacer; Gecko,Pacer racing gloves retailer offer,Retailer advertisement / price list,v1.1 expansion,EPH-0078,,HIGH,https://previouspage.co.uk/magazines/BMX%20Action%20Bike/issues/13-april%2Fmay-eighty-two,Dated/period placement
CHR-0079,1982,1982,April/May 1982,BMX Action Bike; UKBMX Publications,BMX Action Bike assorted sticker packet offer,Information-pack mailer,v1.1 expansion,EPH-0079,,HIGH,https://previouspage.co.uk/magazines/BMX%20Action%20Bike/issues/13-april%2Fmay-eighty-two,Dated/period placement
CHR-0080,1982,1982,April/May 1982,MX 1000; retailer unresolved from indexed alignment,MX 1000 brake-pair and BMX catalogue offer,Dealer price-list / sticker offer,v1.1 expansion,EPH-0080,,MEDIUM-HIGH,https://previouspage.co.uk/magazines/BMX%20Action%20Bike/issues/13-april%2Fmay-eighty-two,Dated/period placement
CHR-0109,1982,1982,August/September 1982,Puch Murray,Puch Murray 20-inch and 24-inch BMX range advertisement,Magazine advertisement,v1.1 chronological census,EPH-0109,,HIGH,https://previouspage.co.uk/magazines/BMX%20Action%20Bike/issues/57-august%2Fseptember-eighty-two,Dated period-publication placement
CHR-0110,1982,1982,August/September 1982,Diamond Back; Pro-Star; Freewheeler,Diamond Back Silver Streak and Pro-Star information-pack offer,Information-pack mailer,v1.1 chronological census,EPH-0110,,HIGH,https://previouspage.co.uk/magazines/BMX%20Action%20Bike/issues/57-august%2Fseptember-eighty-two,Dated period-publication placement
CHR-0111,1982,1982,August/September 1982,Kenda; Moore Large,Kenda Karate tyre advertisement,Magazine advertisement,v1.1 chronological census,EPH-0111,,HIGH,https://previouspage.co.uk/magazines/BMX%20Action%20Bike/issues/57-august%2Fseptember-eighty-two,Dated period-publication placement
CHR-0112,1982,1982,August/September 1982,Raleigh; Halfords,Raleigh Burner five-model range launch,Product announcement / kit,v1.1 chronological census,EPH-0112,,HIGH,https://previouspage.co.uk/magazines/BMX%20Action%20Bike/issues/57-august%2Fseptember-eighty-two,Dated period-publication placement
CHR-0113,1982,1982,August/September 1982,Paul Connors; Diamond Back,Home-built Diamond Back II project letter,Product-history object,v1.1 chronological census,EPH-0113,,MEDIUM-HIGH,https://previouspage.co.uk/magazines/BMX%20Action%20Bike/issues/57-august%2Fseptember-eighty-two,Dated period-publication placement
CHR-0114,1982,1982,August/September 1982,Ramsey BMX Club; Steve's Team Mongoose,Ramsey BMX Club free-entry visitor notice,Event notice / contact flyer,v1.1 chronological census,EPH-0114,,HIGH,https://previouspage.co.uk/magazines/BMX%20Action%20Bike/issues/57-august%2Fseptember-eighty-two,Dated period-publication placement
CHR-0115,1982,1982,August/September 1982,ACS,ACS experimental 26-inch Z-rim production note,Product-history object,v1.1 chronological census,EPH-0115,,MEDIUM-HIGH,https://previouspage.co.uk/magazines/BMX%20Action%20Bike/issues/57-august%2Fseptember-eighty-two,Dated period-publication placement
CHR-0116,1982,1982,August/September 1982,Gecko Leisure Products,Gecko BMX product-range advertisement,Dealer/shop advertisement,v1.1 chronological census,EPH-0116,,MEDIUM-HIGH,https://previouspage.co.uk/magazines/BMX%20Action%20Bike/issues/57-august%2Fseptember-eighty-two,Dated period-publication placement
CHR-0117,1982,1982,August/September 1982,Redline,Redline PL-20 Carrera complete-package advertisement,Product literature,v1.1 chronological census,EPH-0117,,HIGH,https://previouspage.co.uk/magazines/BMX%20Action%20Bike/issues/57-august%2Fseptember-eighty-two,Dated period-publication placement
CHR-0118,1982,1982,August/September 1982,Kuwahara,Kuwahara frame-and-fork range advertisement,Product literature,v1.1 chronological census,EPH-0118,,HIGH,https://previouspage.co.uk/magazines/BMX%20Action%20Bike/issues/57-august%2Fseptember-eighty-two,Dated period-publication placement
CHR-0119,1982,1982,August/September 1982,MCS; Race Inc; Powerlite; Gecko,"MCS, Race Inc, and Powerlite range advertisement",Dealer advertisement / price-list lead,v1.1 chronological census,EPH-0119,,MEDIUM-HIGH,https://previouspage.co.uk/magazines/BMX%20Action%20Bike/issues/57-august%2Fseptember-eighty-two,Dated period-publication placement
CHR-0120,1982,1982,August/September 1982,SE Racing; PK Ripper,PK Ripper editorial test,Product-history object,v1.1 chronological census,EPH-0120,,HIGH,https://previouspage.co.uk/magazines/BMX%20Action%20Bike/issues/57-august%2Fseptember-eighty-two,Dated period-publication placement
CHR-0121,1982,1982,August/September 1982,Ammaco; Andy Ruffell,Ammaco BMX thrash test,Product-history object,v1.1 chronological census,EPH-0121,,MEDIUM-HIGH,https://previouspage.co.uk/magazines/BMX%20Action%20Bike/issues/57-august%2Fseptember-eighty-two,Dated period-publication placement
CHR-0122,1982,1982,August/September 1982,Tim March; March Racing Developments,Tim March profile and March Racing Developments launch,Factory-team history,v1.1 chronological census,EPH-0122,,HIGH,https://previouspage.co.uk/magazines/BMX%20Action%20Bike/issues/57-august%2Fseptember-eighty-two,Dated period-publication placement
CHR-0123,1982,1982,August/September 1982,March Racing Developments,March Racing Developments number-plate offer,Product literature,v1.1 chronological census,EPH-0123,,HIGH,https://previouspage.co.uk/magazines/BMX%20Action%20Bike/issues/57-august%2Fseptember-eighty-two,Dated period-publication placement
CHR-0124,1982,1982,August/September 1982,Hotshot BMX Racing,Hotshot retail and trade price-list/sticker service,Dealer price-list / sticker offer,v1.1 chronological census,EPH-0124,,HIGH,https://previouspage.co.uk/magazines/BMX%20Action%20Bike/issues/57-august%2Fseptember-eighty-two,Dated period-publication placement
CHR-0125,1982,1982,August/September 1982,DC Racing,DC Racing price-list and sticker mailer,Dealer price-list / sticker offer,v1.1 chronological census,EPH-0125,,HIGH,https://previouspage.co.uk/magazines/BMX%20Action%20Bike/issues/57-august%2Fseptember-eighty-two,Dated period-publication placement
CHR-0126,1982,1982,August/September 1982,Piranha,Piranha cast-wheel model announcement,Product announcement / kit,v1.1 chronological census,EPH-0126,,MEDIUM-HIGH,https://previouspage.co.uk/magazines/BMX%20Action%20Bike/issues/57-august%2Fseptember-eighty-two,Dated period-publication placement
CHR-0127,1982,1982,August/September 1982,Surrey BMX,Surrey BMX six-page bargain-list advertisement,Retailer advertisement / price list,v1.1 chronological census,EPH-0127,,HIGH,https://previouspage.co.uk/magazines/BMX%20Action%20Bike/issues/57-august%2Fseptember-eighty-two,Dated period-publication placement
CHR-0128,1982,1982,August/September 1982,Cooper,Cooper convertible BMX helmet mailer,Product literature,v1.1 chronological census,EPH-0128,,HIGH,https://previouspage.co.uk/magazines/BMX%20Action%20Bike/issues/57-august%2Fseptember-eighty-two,Dated period-publication placement
CHR-0129,1982,1982,August/September 1982,Lee; SunTour,Lee and SunTour sealed bottom-bracket product note,Product announcement / kit,v1.1 chronological census,EPH-0129,,MEDIUM-HIGH,https://previouspage.co.uk/magazines/BMX%20Action%20Bike/issues/57-august%2Fseptember-eighty-two,Dated period-publication placement
CHR-0130,1982,1982,August/September 1982,Araya,Araya aerodynamic sew-up race-wheel note,Product literature,v1.1 chronological census,EPH-0130,,MEDIUM,https://previouspage.co.uk/magazines/BMX%20Action%20Bike/issues/57-august%2Fseptember-eighty-two,Dated period-publication placement
CHR-0131,1982,1982,August/September 1982,Profile; Hotshot BMX,Profile mini BMX build feature,Product-history object,v1.1 chronological census,EPH-0131,,MEDIUM-HIGH,https://previouspage.co.uk/magazines/BMX%20Action%20Bike/issues/57-august%2Fseptember-eighty-two,Dated period-publication placement
CHR-0132,1982,1982,August/September 1982,Patterson Racing Products,Patterson chromoly frame-and-fork advertisement,Product literature,v1.1 chronological census,EPH-0132,,HIGH,https://previouspage.co.uk/magazines/BMX%20Action%20Bike/issues/57-august%2Fseptember-eighty-two,Dated period-publication placement
CHR-0133,1982,1982,August/September 1982,KHS; Action Bike Distributing,KHS Duster four-model range and RRPs,Retailer advertisement / price list,v1.1 chronological census,EPH-0133,,HIGH,https://previouspage.co.uk/magazines/BMX%20Action%20Bike/issues/57-august%2Fseptember-eighty-two,Dated period-publication placement
CHR-0134,1982,1982,August/September 1982,SJK Products; Action Bike Distributing,SJK Hurricane distributor announcement,Product literature,v1.1 chronological census,EPH-0134,,MEDIUM-HIGH,https://previouspage.co.uk/magazines/BMX%20Action%20Bike/issues/57-august%2Fseptember-eighty-two,Dated period-publication placement
CHR-0135,1982,1982,August/September 1982,Dartford cycle retailer,Summer chrome-plating service advertisement,Dealer/shop advertisement,v1.1 chronological census,EPH-0135,,MEDIUM,https://previouspage.co.uk/magazines/BMX%20Action%20Bike/issues/57-august%2Fseptember-eighty-two,Dated period-publication placement
CHR-0136,1982,1982,August/September 1982,Dartford cycle retailer,Twenty-pence BMX catalogue mailer,Catalog mailer,v1.1 chronological census,EPH-0136,,HIGH,https://previouspage.co.uk/magazines/BMX%20Action%20Bike/issues/57-august%2Fseptember-eighty-two,Dated period-publication placement
CHR-0166,1982,1983,December 1982/January 1983,Shimano,Shimano DX platform-pedal advertisement,Product literature,v1.1 chronological census,EPH-0166,,HIGH,https://previouspage.co.uk/magazines/BMX%20Action%20Bike/issues/58-december%2Fjanuary-eighty-two,Dated period-publication placement
CHR-0167,1982,1983,December 1982/January 1983,Shimano,Shimano DX micro-adjust seatpost announcement,Product announcement / kit,v1.1 chronological census,EPH-0167,,MEDIUM-HIGH,https://previouspage.co.uk/magazines/BMX%20Action%20Bike/issues/58-december%2Fjanuary-eighty-two,Dated period-publication placement
CHR-0168,1982,1983,December 1982/January 1983,Pro-Lite; Freewheeler,Pro-Lite protective-equipment information-pack placement,Information-pack mailer,v1.1 chronological census,EPH-0168,,HIGH,https://previouspage.co.uk/magazines/BMX%20Action%20Bike/issues/58-december%2Fjanuary-eighty-two,Dated period-publication placement
CHR-0169,1982,1983,December 1982/January 1983,Halfords; California,Halfords California BMX model-range price advertisement,Retailer advertisement / price list,v1.1 chronological census,EPH-0169,,HIGH,https://previouspage.co.uk/magazines/BMX%20Action%20Bike/issues/58-december%2Fjanuary-eighty-two,Dated period-publication placement
CHR-0170,1982,1983,December 1982/January 1983,Halfords; Raleigh; Haro,Halfords Raleigh Burner and free Haro plate promotion,Event prize promotion,v1.1 chronological census,EPH-0170,,HIGH,https://previouspage.co.uk/magazines/BMX%20Action%20Bike/issues/58-december%2Fjanuary-eighty-two,Dated period-publication placement
CHR-0171,1982,1983,December 1982/January 1983,Lee Cooper; BMX Action Bike,British and world BMX wheelie-record attempt notice,Event notice / contact flyer,v1.1 chronological census,EPH-0171,,HIGH,https://previouspage.co.uk/magazines/BMX%20Action%20Bike/issues/58-december%2Fjanuary-eighty-two,Dated period-publication placement
CHR-0172,1982,1983,December 1982/January 1983,Lee Cooper; BMX Action Bike,British and world bunnyhop-record attempt notice,Event notice / contact flyer,v1.1 chronological census,EPH-0172,,HIGH,https://previouspage.co.uk/magazines/BMX%20Action%20Bike/issues/58-december%2Fjanuary-eighty-two,Dated period-publication placement
CHR-0173,1982,1983,December 1982/January 1983,Lee Cooper; BMX Action Bike,Lee Cooper BMX coaching clinic,Event flyer / trade-exhibition notice,v1.1 chronological census,EPH-0173,,HIGH,https://previouspage.co.uk/magazines/BMX%20Action%20Bike/issues/58-december%2Fjanuary-eighty-two,Dated period-publication placement
CHR-0174,1982,1983,December 1982/January 1983,Lee Cooper; BMX Action Bike,Lee Cooper freestyle stunt competition,Event entry / pre-registration advertisement,v1.1 chronological census,EPH-0174,,HIGH,https://previouspage.co.uk/magazines/BMX%20Action%20Bike/issues/58-december%2Fjanuary-eighty-two,Dated period-publication placement
CHR-0175,1982,1983,December 1982/January 1983,Diamond Back; Lee Cooper,Diamond Back Teamfinder race series launch,Factory-team history,v1.1 chronological census,EPH-0175,,HIGH,https://previouspage.co.uk/magazines/BMX%20Action%20Bike/issues/58-december%2Fjanuary-eighty-two,Dated period-publication placement
CHR-0176,1982,1983,December 1982/January 1983,BMX Action Bike,First National BMX Poll ballot,Contest entry form,v1.1 chronological census,EPH-0176,,HIGH,https://previouspage.co.uk/magazines/BMX%20Action%20Bike/issues/58-december%2Fjanuary-eighty-two,Dated period-publication placement
CHR-0177,1982,1983,December 1982/January 1983,Diamond Back; Harry Leary,Diamond Back Turbo national-poll prize,Event prize promotion,v1.1 chronological census,EPH-0177,,HIGH,https://previouspage.co.uk/magazines/BMX%20Action%20Bike/issues/58-december%2Fjanuary-eighty-two,Dated period-publication placement
CHR-0178,1982,1983,December 1982/January 1983,Skyway,Skyway Tuff II national-poll prize,Event prize promotion,v1.1 chronological census,EPH-0178,,HIGH,https://previouspage.co.uk/magazines/BMX%20Action%20Bike/issues/58-december%2Fjanuary-eighty-two,Dated period-publication placement
CHR-0179,1982,1983,December 1982/January 1983,Bell,Bell lightweight helmet national-poll prize,Event prize promotion,v1.1 chronological census,EPH-0179,,HIGH,https://previouspage.co.uk/magazines/BMX%20Action%20Bike/issues/58-december%2Fjanuary-eighty-two,Dated period-publication placement
CHR-0180,1982,1983,December 1982/January 1983,Asahi; Ron Kitching,Asahi Action Spokes product advertisement,Product literature,v1.1 chronological census,EPH-0180,,HIGH,https://previouspage.co.uk/magazines/BMX%20Action%20Bike/issues/58-december%2Fjanuary-eighty-two,Dated period-publication placement
CHR-0181,1982,1983,December 1982/January 1983,King Sticker,King Sticker five-sticker and jumbo-pack offer,Information-pack mailer,v1.1 chronological census,EPH-0181,,HIGH,https://previouspage.co.uk/magazines/BMX%20Action%20Bike/issues/58-december%2Fjanuary-eighty-two,Dated period-publication placement
CHR-0182,1982,1983,December 1982/January 1983,Raleigh; Cycle Warehouse,Raleigh Pro Burner Christmas price promotion,Retailer advertisement / price list,v1.1 chronological census,EPH-0182,,HIGH,https://previouspage.co.uk/magazines/BMX%20Action%20Bike/issues/58-december%2Fjanuary-eighty-two,Dated period-publication placement
CHR-0183,1982,1983,December 1982/January 1983,Diatron,Diatron Wildcat convertible helmet launch,Product announcement / kit,v1.1 chronological census,EPH-0183,,HIGH,https://previouspage.co.uk/magazines/BMX%20Action%20Bike/issues/58-december%2Fjanuary-eighty-two,Dated period-publication placement
CHR-0184,1982,1983,December 1982/January 1983,Piranha,Piranha cast-wheel bicycle launch advertisement,Product announcement / kit,v1.1 chronological census,EPH-0184,,HIGH,https://previouspage.co.uk/magazines/BMX%20Action%20Bike/issues/58-december%2Fjanuary-eighty-two,Dated period-publication placement
CHR-0185,1982,1983,December 1982/January 1983,Hot Wheels BMX Centre,Hot Wheels BMX Centre imported-product advertisement,Dealer/shop advertisement,v1.1 chronological census,EPH-0185,,MEDIUM-HIGH,https://previouspage.co.uk/magazines/BMX%20Action%20Bike/issues/58-december%2Fjanuary-eighty-two,Dated period-publication placement
CHR-0186,1982,1983,December 1982/January 1983,Kuwahara; Isaac Henderson BMX,Original and replica Kuwahara E.T. price advertisement,Retailer advertisement / price list,v1.1 chronological census,EPH-0186,,HIGH,https://previouspage.co.uk/magazines/BMX%20Action%20Bike/issues/58-december%2Fjanuary-eighty-two,Dated period-publication placement
CHR-0187,1982,1983,December 1982/January 1983,BMX Action Bike,Nine-bike shootout overview,Product-history object,v1.1 chronological census,EPH-0187,,HIGH,https://previouspage.co.uk/magazines/BMX%20Action%20Bike/issues/58-december%2Fjanuary-eighty-two,Dated period-publication placement
CHR-0188,1982,1983,December 1982/January 1983,Huffy,Huffy Pro 2 shootout test,Product-history object,v1.1 chronological census,EPH-0188,,HIGH,https://previouspage.co.uk/magazines/BMX%20Action%20Bike/issues/58-december%2Fjanuary-eighty-two,Dated period-publication placement
CHR-0189,1982,1983,December 1982/January 1983,Cycle Pro,Cycle Pro Macho shootout test,Product-history object,v1.1 chronological census,EPH-0189,,MEDIUM-HIGH,https://previouspage.co.uk/magazines/BMX%20Action%20Bike/issues/58-december%2Fjanuary-eighty-two,Dated period-publication placement
CHR-0190,1982,1983,December 1982/January 1983,Falcon,Falcon BMX shootout test,Product-history object,v1.1 chronological census,EPH-0190,,MEDIUM-HIGH,https://previouspage.co.uk/magazines/BMX%20Action%20Bike/issues/58-december%2Fjanuary-eighty-two,Dated period-publication placement
CHR-0191,1982,1983,December 1982/January 1983,California; Halfords,California Star and Trax Pro comparison,Product-history object,v1.1 chronological census,EPH-0191,,MEDIUM-HIGH,https://previouspage.co.uk/magazines/BMX%20Action%20Bike/issues/58-december%2Fjanuary-eighty-two,Dated period-publication placement
CHR-0192,1982,1983,December 1982/January 1983,BMX Action Bike,ABMX repeat light-and-reflector offer,Information-pack mailer,v1.1 chronological census,EPH-0192,,HIGH,https://previouspage.co.uk/magazines/BMX%20Action%20Bike/issues/58-december%2Fjanuary-eighty-two,Dated period-publication placement
CHR-0193,1982,1983,December 1982/January 1983,Robinson Racing Products,Robinson Racing sticker-and-catalogue mailer,Catalog mailer,v1.1 chronological census,EPH-0193,,HIGH,https://previouspage.co.uk/magazines/BMX%20Action%20Bike/issues/58-december%2Fjanuary-eighty-two,Dated period-publication placement
CHR-0081,1982,1982,June/July 1982,Stadium Cycles; Atomic Star,Stadium Cycles Atomic Star range advertisement,Magazine advertisement,v1.1 chronological census,EPH-0081,,MEDIUM-HIGH,https://previouspage.co.uk/magazines/BMX%20Action%20Bike/issues/14-june%2Fjuly-eighty-two,Dated period-publication placement
CHR-0082,1982,1982,June/July 1982,Ron Kitching; SunTour; Dia-Compe; MKS; Tange,Ron Kitching BMX component-distributor brand list,Distributor price list,v1.1 chronological census,EPH-0082,,HIGH,https://previouspage.co.uk/magazines/BMX%20Action%20Bike/issues/14-june%2Fjuly-eighty-two,Dated period-publication placement
CHR-0083,1982,1982,June/July 1982,Raleigh; BMX Action Bike,Raleigh Raceline event-listing service,Event notice / contact flyer,v1.1 chronological census,EPH-0083,,HIGH,https://previouspage.co.uk/magazines/BMX%20Action%20Bike/issues/14-june%2Fjuly-eighty-two,Dated period-publication placement
CHR-0084,1982,1982,June/July 1982,Halfords,Halfords free BMX jersey promotion,Event prize promotion,v1.1 chronological census,EPH-0084,,HIGH,https://previouspage.co.uk/magazines/BMX%20Action%20Bike/issues/14-june%2Fjuly-eighty-two,Dated period-publication placement
CHR-0085,1982,1982,June/July 1982,Hotshot BMX Racing,Hotshot BMX complete-bike special and petrol bonus,Retailer advertisement / price list,v1.1 chronological census,EPH-0085,,HIGH,https://previouspage.co.uk/magazines/BMX%20Action%20Bike/issues/14-june%2Fjuly-eighty-two,Dated period-publication placement
CHR-0086,1982,1982,June/July 1982,Hotshot BMX Racing,Hotshot free price-list and sticker mailer,Dealer price-list / sticker offer,v1.1 chronological census,EPH-0086,,HIGH,https://previouspage.co.uk/magazines/BMX%20Action%20Bike/issues/14-june%2Fjuly-eighty-two,Dated period-publication placement
CHR-0087,1982,1982,June/July 1982,UKBMX; Tucker's Tornadoes,Guisborough national race report,Product-history object,v1.1 chronological census,EPH-0087,,MEDIUM-HIGH,https://previouspage.co.uk/magazines/BMX%20Action%20Bike/issues/14-june%2Fjuly-eighty-two,Dated period-publication placement
CHR-0088,1982,1982,June/July 1982,Diamond Back; Tucker's Tornadoes,Diamond Back northern-team sponsorship notice,Factory-team history,v1.1 chronological census,EPH-0088,,HIGH,https://previouspage.co.uk/magazines/BMX%20Action%20Bike/issues/14-june%2Fjuly-eighty-two,Dated period-publication placement
CHR-0089,1982,1982,June/July 1982,GT; Greg Hill,GT Pro 4 road and race test,Product-history object,v1.1 chronological census,EPH-0089,,HIGH,https://previouspage.co.uk/magazines/BMX%20Action%20Bike/issues/14-june%2Fjuly-eighty-two,Dated period-publication placement
CHR-0090,1982,1982,June/July 1982,GT,GT Pro 4 specification sheet,Product literature,v1.1 chronological census,EPH-0090,,HIGH,https://previouspage.co.uk/magazines/BMX%20Action%20Bike/issues/14-june%2Fjuly-eighty-two,Dated period-publication placement
CHR-0091,1982,1982,June/July 1982,BMX Action Bike; James Black,Bermology track-building guide,Product literature,v1.1 chronological census,EPH-0091,,HIGH,https://previouspage.co.uk/magazines/BMX%20Action%20Bike/issues/14-june%2Fjuly-eighty-two,Dated period-publication placement
CHR-0092,1982,1982,June/July 1982,Redline; Keith Wilson,Keith Wilson Redline rider profile,Rider/model naming history,v1.1 chronological census,EPH-0092,,MEDIUM-HIGH,https://previouspage.co.uk/magazines/BMX%20Action%20Bike/issues/14-june%2Fjuly-eighty-two,Dated period-publication placement
CHR-0093,1982,1982,June/July 1982,BMX Action Bike; SE Racing; PK Ripper,PK Ripper Radical Art competition,Contest entry form / promotion,v1.1 chronological census,EPH-0093,,HIGH,https://previouspage.co.uk/magazines/BMX%20Action%20Bike/issues/14-june%2Fjuly-eighty-two,Dated period-publication placement
CHR-0094,1982,1982,June/July 1982,Neal Stevens; BMX Action Bike,Neal Stevens State of the Art feature,Product-history object,v1.1 chronological census,EPH-0094,,HIGH,https://previouspage.co.uk/magazines/BMX%20Action%20Bike/issues/14-june%2Fjuly-eighty-two,Dated period-publication placement
CHR-0095,1982,1982,June/July 1982,Shiner; SE Racing,Shiner SE Racing news and free-decal mailer,Information-pack mailer,v1.1 chronological census,EPH-0095,,HIGH,https://previouspage.co.uk/magazines/BMX%20Action%20Bike/issues/14-june%2Fjuly-eighty-two,Dated period-publication placement
CHR-0096,1982,1982,June/July 1982,GT; Greg Hill,GT racing and dealer advertisement,Team/product advertisement,v1.1 chronological census,EPH-0096,,MEDIUM-HIGH,https://previouspage.co.uk/magazines/BMX%20Action%20Bike/issues/14-june%2Fjuly-eighty-two,Dated period-publication placement
CHR-0097,1982,1982,June/July 1982,De Ver Cycles,De Ver Cycles BMX bargains listing,Dealer advertisement / price-list lead,v1.1 chronological census,EPH-0097,,MEDIUM-HIGH,https://previouspage.co.uk/magazines/BMX%20Action%20Bike/issues/14-june%2Fjuly-eighty-two,Dated period-publication placement
CHR-0098,1982,1982,June/July 1982,Max,Max chainring carrying bags,Product announcement / kit,v1.1 chronological census,EPH-0098,,MEDIUM-HIGH,https://previouspage.co.uk/magazines/BMX%20Action%20Bike/issues/14-june%2Fjuly-eighty-two,Dated period-publication placement
CHR-0099,1982,1982,June/July 1982,SunTour,SunTour HL-100 headset locking nut,Product announcement / kit,v1.1 chronological census,EPH-0099,,HIGH,https://previouspage.co.uk/magazines/BMX%20Action%20Bike/issues/14-june%2Fjuly-eighty-two,Dated period-publication placement
CHR-0100,1982,1982,June/July 1982,Oakley; Gecko,Oakley O/20 goggle product notice,Product literature,v1.1 chronological census,EPH-0100,,HIGH,https://previouspage.co.uk/magazines/BMX%20Action%20Bike/issues/14-june%2Fjuly-eighty-two,Dated period-publication placement
CHR-0101,1982,1982,June/July 1982,Torker; Alans,Torker Ultra 4 lightweight stem,Product announcement / kit,v1.1 chronological census,EPH-0101,,MEDIUM-HIGH,https://previouspage.co.uk/magazines/BMX%20Action%20Bike/issues/14-june%2Fjuly-eighty-two,Dated period-publication placement
CHR-0102,1982,1982,June/July 1982,Renthal; Mongoose,Renthal wide-rise handlebar range,Product literature,v1.1 chronological census,EPH-0102,,HIGH,https://previouspage.co.uk/magazines/BMX%20Action%20Bike/issues/14-june%2Fjuly-eighty-two,Dated period-publication placement
CHR-0103,1982,1982,June/July 1982,BMX Action Bike; Wonder Light,ABMX Wonder Light street-safety offer,Information-pack mailer,v1.1 chronological census,EPH-0103,,HIGH,https://previouspage.co.uk/magazines/BMX%20Action%20Bike/issues/14-june%2Fjuly-eighty-two,Dated period-publication placement
CHR-0104,1982,1982,June/July 1982,Huffy,Huffy Pro Thunder Competition Certified range,Magazine advertisement,v1.1 chronological census,EPH-0104,,HIGH,https://previouspage.co.uk/magazines/BMX%20Action%20Bike/issues/14-june%2Fjuly-eighty-two,Dated period-publication placement
CHR-0105,1982,1982,June/July 1982,Race Inc; Cav Strutt,Race Inc Aero special feature,Product-history object,v1.1 chronological census,EPH-0105,,MEDIUM-HIGH,https://previouspage.co.uk/magazines/BMX%20Action%20Bike/issues/14-june%2Fjuly-eighty-two,Dated period-publication placement
CHR-0106,1982,1982,June/July 1982,SJK Products; Steve Woolley,SJK British chromoly race-bike test,Product-history object,v1.1 chronological census,EPH-0106,,MEDIUM-HIGH,https://previouspage.co.uk/magazines/BMX%20Action%20Bike/issues/14-june%2Fjuly-eighty-two,Dated period-publication placement
CHR-0107,1982,1982,June/July 1982,Cyclone Bikes; BMX Action Bike,Cyclone Bikes seven-sticker packet offer,Information-pack mailer,v1.1 chronological census,EPH-0107,,HIGH,https://previouspage.co.uk/magazines/BMX%20Action%20Bike/issues/14-june%2Fjuly-eighty-two,Dated period-publication placement
CHR-0108,1982,1982,June/July 1982,UKBMX; IBMXF,UKBMX national rule-book notice,Product literature,v1.1 chronological census,EPH-0108,,HIGH,https://previouspage.co.uk/magazines/BMX%20Action%20Bike/issues/14-june%2Fjuly-eighty-two,Dated period-publication placement
CHR-0137,1982,1982,October/November 1982,Puch Murray,Puch Murray competition BMX range advertisement,Magazine advertisement,v1.1 chronological census,EPH-0137,,HIGH,https://previouspage.co.uk/magazines/BMX%20Action%20Bike/issues/25-october%2Fnovember-eighty-two,Dated period-publication placement
CHR-0138,1982,1982,October/November 1982,Redline; Gecko,Redline 400 Series durability advertisement,Magazine advertisement,v1.1 chronological census,EPH-0138,,MEDIUM-HIGH,https://previouspage.co.uk/magazines/BMX%20Action%20Bike/issues/25-october%2Fnovember-eighty-two,Dated period-publication placement
CHR-0139,1982,1982,October/November 1982,Hot Wheels BMX Centre; Shimano,Hot Wheels BMX Centre Shimano price list,Retailer advertisement / price list,v1.1 chronological census,EPH-0139,,HIGH,https://previouspage.co.uk/magazines/BMX%20Action%20Bike/issues/25-october%2Fnovember-eighty-two,Dated period-publication placement
CHR-0140,1982,1982,October/November 1982,Kuwahara; E.T.,Kuwahara E.T. Special product announcement,Product announcement / kit,v1.1 chronological census,EPH-0140,,HIGH,https://previouspage.co.uk/magazines/BMX%20Action%20Bike/issues/25-october%2Fnovember-eighty-two,Dated period-publication placement
CHR-0141,1982,1982,October/November 1982,BMX Action Bike,BMX track-openings and construction logbook,Archive collection,v1.1 chronological census,EPH-0141,,HIGH,https://previouspage.co.uk/magazines/BMX%20Action%20Bike/issues/25-october%2Fnovember-eighty-two,Dated period-publication placement
CHR-0142,1982,1982,October/November 1982,Shiner; SE Racing; Panda; KHS,"Shiner Panda, SE Racing, and KHS range advertisement",Dealer/shop advertisement,v1.1 chronological census,EPH-0142,,MEDIUM-HIGH,https://previouspage.co.uk/magazines/BMX%20Action%20Bike/issues/25-october%2Fnovember-eighty-two,Dated period-publication placement
CHR-0143,1982,1982,October/November 1982,Retailer unresolved,Adjustable car cycle-rack advertisement,Product literature,v1.1 chronological census,EPH-0143,,MEDIUM,https://previouspage.co.uk/magazines/BMX%20Action%20Bike/issues/25-october%2Fnovember-eighty-two,Dated period-publication placement
CHR-0144,1982,1982,October/November 1982,Skyway; Hotshot BMX,Skyway Tuff wheels with alloy hubs launch,Product announcement / kit,v1.1 chronological census,EPH-0144,,HIGH,https://previouspage.co.uk/magazines/BMX%20Action%20Bike/issues/25-october%2Fnovember-eighty-two,Dated period-publication placement
CHR-0145,1982,1982,October/November 1982,Skyway; Hotshot BMX; Andy Patterson,Skyway information and Andy Patterson poster mailer,Information-pack mailer,v1.1 chronological census,EPH-0145,,HIGH,https://previouspage.co.uk/magazines/BMX%20Action%20Bike/issues/25-october%2Fnovember-eighty-two,Dated period-publication placement
CHR-0146,1982,1982,October/November 1982,Alpine Action; BMX Action Bike,Alpine Action one-hundred-pound advertisement-design contest,Contest entry form / promotion,v1.1 chronological census,EPH-0146,,HIGH,https://previouspage.co.uk/magazines/BMX%20Action%20Bike/issues/25-october%2Fnovember-eighty-two,Dated period-publication placement
CHR-0147,1982,1982,October/November 1982,Murray; Puch,Murray and Puch test-range mailer with free membership,Catalog mailer / advertisement,v1.1 chronological census,EPH-0147,,HIGH,https://previouspage.co.uk/magazines/BMX%20Action%20Bike/issues/25-october%2Fnovember-eighty-two,Dated period-publication placement
CHR-0148,1982,1982,October/November 1982,BMX Action Bike,BMX Action Bike race-shirt mailer,Information-pack mailer,v1.1 chronological census,EPH-0148,,HIGH,https://previouspage.co.uk/magazines/BMX%20Action%20Bike/issues/25-october%2Fnovember-eighty-two,Dated period-publication placement
CHR-0149,1982,1982,October/November 1982,E.T.; Kuwahara; Steven Spielberg,E.T. film and Kuwahara bicycle feature,Product-history object,v1.1 chronological census,EPH-0149,,HIGH,https://previouspage.co.uk/magazines/BMX%20Action%20Bike/issues/25-october%2Fnovember-eighty-two,Dated period-publication placement
CHR-0150,1982,1982,October/November 1982,Pro-Lite; Freewheeler Leisure Products,Pro-Lite information-pack and decal mailer,Information-pack mailer,v1.1 chronological census,EPH-0150,,HIGH,https://previouspage.co.uk/magazines/BMX%20Action%20Bike/issues/25-october%2Fnovember-eighty-two,Dated period-publication placement
CHR-0151,1982,1982,October/November 1982,BMX Action Bike,ABMX Bonanza reader survey competition,Contest entry form / promotion,v1.1 chronological census,EPH-0151,,HIGH,https://previouspage.co.uk/magazines/BMX%20Action%20Bike/issues/25-october%2Fnovember-eighty-two,Dated period-publication placement
CHR-0152,1982,1982,October/November 1982,AMF; BMX Action Bike,AMF Scorcher 7 reader-survey prize,Event prize promotion,v1.1 chronological census,EPH-0152,,HIGH,https://previouspage.co.uk/magazines/BMX%20Action%20Bike/issues/25-october%2Fnovember-eighty-two,Dated period-publication placement
CHR-0153,1982,1982,October/November 1982,Reynolds; BMX Action Bike,Reynolds 531 BMX frame-and-fork survey prize,Event prize promotion,v1.1 chronological census,EPH-0153,,HIGH,https://previouspage.co.uk/magazines/BMX%20Action%20Bike/issues/25-october%2Fnovember-eighty-two,Dated period-publication placement
CHR-0154,1982,1982,October/November 1982,Mongoose; Ammaco,Team Mongoose factory-direct value advertisement,Team/product advertisement,v1.1 chronological census,EPH-0154,,MEDIUM-HIGH,https://previouspage.co.uk/magazines/BMX%20Action%20Bike/issues/25-october%2Fnovember-eighty-two,Dated period-publication placement
CHR-0155,1982,1982,October/November 1982,BMX Action Bike,ABMX race nutrition and training article,Product literature,v1.1 chronological census,EPH-0155,,MEDIUM-HIGH,https://previouspage.co.uk/magazines/BMX%20Action%20Bike/issues/25-october%2Fnovember-eighty-two,Dated period-publication placement
CHR-0156,1982,1982,October/November 1982,BMX Invader; Action Bikes,BMX Invader and Action Bikes monthly specials,Retailer advertisement / price list,v1.1 chronological census,EPH-0156,,HIGH,https://previouspage.co.uk/magazines/BMX%20Action%20Bike/issues/25-october%2Fnovember-eighty-two,Dated period-publication placement
CHR-0157,1982,1982,October/November 1982,Huffy,Huffy Pro Lightning preview,Product-history object,v1.1 chronological census,EPH-0157,,MEDIUM-HIGH,https://previouspage.co.uk/magazines/BMX%20Action%20Bike/issues/25-october%2Fnovember-eighty-two,Dated period-publication placement
CHR-0158,1982,1982,October/November 1982,BMX Action Bike; Kuwahara,Stolen Kuwahara notice and subscription reward,Event notice / contact flyer,v1.1 chronological census,EPH-0158,,MEDIUM-HIGH,https://previouspage.co.uk/magazines/BMX%20Action%20Bike/issues/25-october%2Fnovember-eighty-two,Dated period-publication placement
CHR-0159,1982,1982,October/November 1982,Diamond Back; Pro-Star; Freewheeler,Diamond Back Silver Streak information-pack placement,Information-pack mailer,v1.1 chronological census,EPH-0159,,HIGH,https://previouspage.co.uk/magazines/BMX%20Action%20Bike/issues/25-october%2Fnovember-eighty-two,Dated period-publication placement
CHR-0160,1982,1982,October/November 1982,Kuwahara; Gecko,Kuwahara one-hundred-rider team recruitment offer,Factory-team history,v1.1 chronological census,EPH-0160,,HIGH,https://previouspage.co.uk/magazines/BMX%20Action%20Bike/issues/25-october%2Fnovember-eighty-two,Dated period-publication placement
CHR-0161,1982,1982,October/November 1982,Holdsworth BMX Centres,Holdsworth BMX Centres multi-brand advertisement,Dealer/shop advertisement,v1.1 chronological census,EPH-0161,,MEDIUM-HIGH,https://previouspage.co.uk/magazines/BMX%20Action%20Bike/issues/25-october%2Fnovember-eighty-two,Dated period-publication placement
CHR-0162,1982,1982,October/November 1982,Bolton BMX Centre,Bolton BMXmas Club Supadeal,Dealer advertisement / price-list lead,v1.1 chronological census,EPH-0162,,HIGH,https://previouspage.co.uk/magazines/BMX%20Action%20Bike/issues/25-october%2Fnovember-eighty-two,Dated period-publication placement
CHR-0163,1982,1982,October/November 1982,Haro Designs,Haro number-plate heritage advertisement,Product-history object,v1.1 chronological census,EPH-0163,,HIGH,https://previouspage.co.uk/magazines/BMX%20Action%20Bike/issues/25-october%2Fnovember-eighty-two,Dated period-publication placement
CHR-0164,1982,1982,October/November 1982,SunTour; Ron Kitching,SunTour HB-6000 reversible rear-hub product literature,Product literature,v1.1 chronological census,EPH-0164,,HIGH,https://previouspage.co.uk/magazines/BMX%20Action%20Bike/issues/25-october%2Fnovember-eighty-two,Dated period-publication placement
CHR-0165,1982,1982,October/November 1982,Troxel,Troxel Comet saddle-and-post advertisement,Product literature,v1.1 chronological census,EPH-0165,,HIGH,https://previouspage.co.uk/magazines/BMX%20Action%20Bike/issues/25-october%2Fnovember-eighty-two,Dated period-publication placement
CHR-027,1982,1982,September 1982,Retailer/dealer unresolved from indexed alignment,Send SAE for price list and free sticker,Dealer price-list / sticker offer,v0.9,EPH-0056,,MEDIUM,https://previouspage.co.uk/magazines/BMX%20Weekly/issues/213-september-nineteen-eighty-two,Dated/period placement
CHR-023,1982,1982,Winter 1982–83,Lee Cooper; Diamond Back,Diamond Back Silver Streak free draw at Lee Cooper event,Event prize promotion,v0.9,EPH-0059,,MEDIUM-HIGH,https://previouspage.co.uk/magazines/BMX%20Action%20Bike/issues/58-december%2Fjanuary-eighty-two,Dated/period placement
CHR-026,1982,1982,Winter 1982–83; exact event dates open,Lee Cooper,Lee Cooper BMX Indoor Grand Prix pre-registration,Event registration coupon,v0.9,EPH-0051,,MEDIUM-HIGH,https://previouspage.co.uk/magazines/BMX%20Action%20Bike/issues/58-december%2Fjanuary-eighty-two,Year is provisional
CHR-032,1983,1983,1983 lead,Tioga; Tange,Tioga Rhino III frame advertisement,Magazine advertisement,v0.5 inherited,EPH-0008,,LOW-MEDIUM,https://edwardkoenning.blogspot.com/2012/09/,Dated/period placement
CHR-030,1983,1983,1983-10-07 to 1983-10-09,Pontin's; UK BMX organizers,Pontin's BMX Open Championships & Trade Exhibition,Event flyer / trade-exhibition notice,v0.9,EPH-0050,,HIGH,https://previouspage.co.uk/magazines/BMX%20Action%20Bike/issues/64-september-nineteen-eighty-three,Dated/period placement
CHR-0222,1983,1983,April/May 1983,California Lite; Johar,California Lite pad-system advertisement,Product literature,v1.1 chronological census,EPH-0222,,HIGH,https://previouspage.co.uk/magazines/BMX%20Action%20Bike/issues/60-april%2Fmay-eighty-three,Dated period-publication placement
CHR-0223,1983,1983,April/May 1983,Strongs Bicycles,Strongs headset-bearing protector offer,Product literature,v1.1 chronological census,EPH-0223,,HIGH,https://previouspage.co.uk/magazines/BMX%20Action%20Bike/issues/60-april%2Fmay-eighty-three,Dated period-publication placement
CHR-0224,1983,1983,April/May 1983,Strongs Bicycles,Strongs BMX race-shirt offer,Retailer advertisement / price list,v1.1 chronological census,EPH-0224,,HIGH,https://previouspage.co.uk/magazines/BMX%20Action%20Bike/issues/60-april%2Fmay-eighty-three,Dated period-publication placement
CHR-0225,1983,1983,April/May 1983,Strongs Bicycles,Strongs free sticker-brochure mailer,Information-pack mailer,v1.1 chronological census,EPH-0225,,HIGH,https://previouspage.co.uk/magazines/BMX%20Action%20Bike/issues/60-april%2Fmay-eighty-three,Dated period-publication placement
CHR-0226,1983,1983,April/May 1983,BMX Action Bike,Best of 1982 national reader-poll results,Archive collection,v1.1 chronological census,EPH-0226,,HIGH,https://previouspage.co.uk/magazines/BMX%20Action%20Bike/issues/60-april%2Fmay-eighty-three,Dated period-publication placement
CHR-0227,1983,1983,April/May 1983,Scottish BMX Association,Scottish BMX Association formation notice,Factory-team history,v1.1 chronological census,EPH-0227,,MEDIUM-HIGH,https://previouspage.co.uk/magazines/BMX%20Action%20Bike/issues/60-april%2Fmay-eighty-three,Dated period-publication placement
CHR-0228,1983,1983,April/May 1983,Northern Leisure BMX,Northern Leisure open-meeting series notice,Event notice / contact flyer,v1.1 chronological census,EPH-0228,,HIGH,https://previouspage.co.uk/magazines/BMX%20Action%20Bike/issues/60-april%2Fmay-eighty-three,Dated period-publication placement
CHR-0229,1983,1983,April/May 1983,Silverfox; BMX Action Bike,Silverfox complete-bike reader giveaway,Contest entry form / promotion,v1.1 chronological census,EPH-0229,,HIGH,https://previouspage.co.uk/magazines/BMX%20Action%20Bike/issues/60-april%2Fmay-eighty-three,Dated period-publication placement
CHR-0230,1983,1983,April/May 1983,Harry Leary; Andy Patterson; BMX Action Bike,Harry Leary and Andy Patterson starting guide,Product literature,v1.1 chronological census,EPH-0230,,HIGH,https://previouspage.co.uk/magazines/BMX%20Action%20Bike/issues/60-april%2Fmay-eighty-three,Dated period-publication placement
CHR-0231,1983,1983,April/May 1983,Haro; Bob Haro,Haro Freestyle Moves equipment chapter,Product literature,v1.1 chronological census,EPH-0231,,HIGH,https://previouspage.co.uk/magazines/BMX%20Action%20Bike/issues/60-april%2Fmay-eighty-three,Dated period-publication placement
CHR-0232,1983,1983,April/May 1983,BMX Action Bike,ABMX free private Sales and Swaps service,Dealer advertisement / price-list lead,v1.1 chronological census,EPH-0232,,HIGH,https://previouspage.co.uk/magazines/BMX%20Action%20Bike/issues/60-april%2Fmay-eighty-three,Dated period-publication placement
CHR-0233,1983,1983,April/May 1983,City BMX,City BMX race-pants mail-order offer,Retailer advertisement / price list,v1.1 chronological census,EPH-0233,,HIGH,https://previouspage.co.uk/magazines/BMX%20Action%20Bike/issues/60-april%2Fmay-eighty-three,Dated period-publication placement
CHR-0234,1983,1983,April/May 1983,City BMX,City BMX lightweight race-helmet offer,Retailer advertisement / price list,v1.1 chronological census,EPH-0234,,MEDIUM-HIGH,https://previouspage.co.uk/magazines/BMX%20Action%20Bike/issues/60-april%2Fmay-eighty-three,Dated period-publication placement
CHR-0235,1983,1983,April/May 1983,City BMX,City BMX shoulder-protector offer,Retailer advertisement / price list,v1.1 chronological census,EPH-0235,,HIGH,https://previouspage.co.uk/magazines/BMX%20Action%20Bike/issues/60-april%2Fmay-eighty-three,Dated period-publication placement
CHR-0236,1983,1983,April/May 1983,Hot Wheels BMX Centre,Hot Wheels BMX Centre opening offers,Retailer advertisement / price list,v1.1 chronological census,EPH-0236,,MEDIUM-HIGH,https://previouspage.co.uk/magazines/BMX%20Action%20Bike/issues/60-april%2Fmay-eighty-three,Dated period-publication placement
CHR-0237,1983,1983,April/May 1983,Hot Wheels BMX Centre; Haro; Kuwahara; CW; SE Racing,"Haro Freestyler, Kuwahara Oval, CW, and SE Floval stock notice",Dealer advertisement / price-list lead,v1.1 chronological census,EPH-0237,,HIGH,https://previouspage.co.uk/magazines/BMX%20Action%20Bike/issues/60-april%2Fmay-eighty-three,Dated period-publication placement
CHR-0238,1983,1983,April/May 1983,King Sticker,King Sticker five-pack and jumbo-pack offer,Information-pack mailer,v1.1 chronological census,EPH-0238,,HIGH,https://previouspage.co.uk/magazines/BMX%20Action%20Bike/issues/60-april%2Fmay-eighty-three,Dated period-publication placement
CHR-0239,1983,1983,April/May 1983,NBMXA,NBMXA race-licence and rule-book offer,Event registration coupon,v1.1 chronological census,EPH-0239,,HIGH,https://previouspage.co.uk/magazines/BMX%20Action%20Bike/issues/60-april%2Fmay-eighty-three,Dated period-publication placement
CHR-0240,1983,1983,April/May 1983,Hotshot BMX Racing,Hotshot price-list and free-sticker mailer,Dealer price-list / sticker offer,v1.1 chronological census,EPH-0240,,HIGH,https://previouspage.co.uk/magazines/BMX%20Action%20Bike/issues/60-april%2Fmay-eighty-three,Dated period-publication placement
CHR-0241,1983,1983,April/May 1983,Huffy,Huffy Pro Lightning complete-bike test,Product-history object,v1.1 chronological census,EPH-0241,,HIGH,https://previouspage.co.uk/magazines/BMX%20Action%20Bike/issues/60-april%2Fmay-eighty-three,Dated period-publication placement
CHR-0242,1983,1983,April/May 1983,Halfords,Halfords BMX accessories range advertisement,Retailer advertisement / price list,v1.1 chronological census,EPH-0242,,HIGH,https://previouspage.co.uk/magazines/BMX%20Action%20Bike/issues/60-april%2Fmay-eighty-three,Dated period-publication placement
CHR-0243,1983,1983,April/May 1983,Huffy,Huffy Pro Lightning specification and retail-price record,Product literature,v1.1 chronological census,EPH-0243,,HIGH,https://previouspage.co.uk/magazines/BMX%20Action%20Bike/issues/60-april%2Fmay-eighty-three,Dated period-publication placement
CHR-0244,1983,1983,April/May 1983,Ride-On MX Products,Ride-On sealed-bearing mag-wheel hub kit,Product announcement / kit,v1.1 chronological census,EPH-0244,,HIGH,https://previouspage.co.uk/magazines/BMX%20Action%20Bike/issues/60-april%2Fmay-eighty-three,Dated period-publication placement
CHR-0245,1983,1983,April/May 1983,Sharp Racing Products,Sharp Racing Products bottom-bracket boot,Product announcement / kit,v1.1 chronological census,EPH-0245,,HIGH,https://previouspage.co.uk/magazines/BMX%20Action%20Bike/issues/60-april%2Fmay-eighty-three,Dated period-publication placement
CHR-0246,1983,1983,April/May 1983,Lee Cooper; Reflex Publications,Lee Cooper Ready to Go BMX video,Product literature,v1.1 chronological census,EPH-0246,,HIGH,https://previouspage.co.uk/magazines/BMX%20Action%20Bike/issues/60-april%2Fmay-eighty-three,Dated period-publication placement
CHR-0247,1983,1983,April/May 1983,BMX Video,USA professional BMX action video,Product literature,v1.1 chronological census,EPH-0247,,HIGH,https://previouspage.co.uk/magazines/BMX%20Action%20Bike/issues/60-april%2Fmay-eighty-three,Dated period-publication placement
CHR-0248,1983,1983,April/May 1983,BMX Action Bike,BMX Action Bike six-issue subscription offer,Catalog mailer,v1.1 chronological census,EPH-0248,,HIGH,https://previouspage.co.uk/magazines/BMX%20Action%20Bike/issues/60-april%2Fmay-eighty-three,Dated period-publication placement
CHR-0249,1983,1983,April/May 1983,Yamaha; BMX Action Bike,Yamaha professional racing-outfit competition,Contest entry form / promotion,v1.1 chronological census,EPH-0249,,HIGH,https://previouspage.co.uk/magazines/BMX%20Action%20Bike/issues/60-april%2Fmay-eighty-three,Dated period-publication placement
CHR-0250,1983,1983,April/May 1983,Gainsborough Cycle Centre; Firebird,Gainsborough Firebird frame-and-fork retail offer,Retailer advertisement / price list,v1.1 chronological census,EPH-0250,,HIGH,https://previouspage.co.uk/magazines/BMX%20Action%20Bike/issues/60-april%2Fmay-eighty-three,Dated period-publication placement
CHR-029,1983,1983,December 1983 issue,Langsett Cycles,Langsett Cycles BMX product advertisement,Dealer advertisement / price-list lead,v0.9,EPH-0060,,MEDIUM-HIGH,https://previouspage.co.uk/magazines/BMX%20Action%20Bike/issues/87-december%20%2F%20january-eighty-three,Dated/period placement
CHR-0194,1983,1983,February/March 1983,UNI; Hotshot BMX,UNI eight-ounce BMX seat launch,Product announcement / kit,v1.1 chronological census,EPH-0194,,HIGH,https://previouspage.co.uk/magazines/BMX%20Action%20Bike/issues/59-february%2Fmarch-eighty-three,Dated period-publication placement
CHR-0195,1983,1983,February/March 1983,SR Cycles,SR Cycles bicycle-reservation and free-delivery offer,Dealer advertisement / price-list lead,v1.1 chronological census,EPH-0195,,HIGH,https://previouspage.co.uk/magazines/BMX%20Action%20Bike/issues/59-february%2Fmarch-eighty-three,Dated period-publication placement
CHR-0196,1983,1983,February/March 1983,Holdsworth BMX Centres,Holdsworth BMX Centres multi-location advertisement,Dealer/shop advertisement,v1.1 chronological census,EPH-0196,,MEDIUM-HIGH,https://previouspage.co.uk/magazines/BMX%20Action%20Bike/issues/59-february%2Fmarch-eighty-three,Dated period-publication placement
CHR-0197,1983,1983,February/March 1983,BMX Action Bike,ABMX light set and reflective-clip offer,Information-pack mailer,v1.1 chronological census,EPH-0197,,HIGH,https://previouspage.co.uk/magazines/BMX%20Action%20Bike/issues/59-february%2Fmarch-eighty-three,Dated period-publication placement
CHR-0198,1983,1983,February/March 1983,BMX Action Bike,ABMX blue-and-gold binder offer,Catalog mailer,v1.1 chronological census,EPH-0198,,HIGH,https://previouspage.co.uk/magazines/BMX%20Action%20Bike/issues/59-february%2Fmarch-eighty-three,Dated period-publication placement
CHR-0199,1983,1983,February/March 1983,BMX Action Bike,ABMX blue-and-yellow race-shirt offer,Information-pack mailer,v1.1 chronological census,EPH-0199,,HIGH,https://previouspage.co.uk/magazines/BMX%20Action%20Bike/issues/59-february%2Fmarch-eighty-three,Dated period-publication placement
CHR-0200,1983,1983,February/March 1983,Araya,Araya ADX-7W aero-rim product notice,Product literature,v1.1 chronological census,EPH-0200,,HIGH,https://previouspage.co.uk/magazines/BMX%20Action%20Bike/issues/59-february%2Fmarch-eighty-three,Dated period-publication placement
CHR-0201,1983,1983,February/March 1983,Naga,Naga chromoly and fluted-alloy seatpost range,Product literature,v1.1 chronological census,EPH-0201,,MEDIUM-HIGH,https://previouspage.co.uk/magazines/BMX%20Action%20Bike/issues/59-february%2Fmarch-eighty-three,Dated period-publication placement
CHR-0202,1983,1983,February/March 1983,MKS,MKS BM-10 and Grafight-X pedal range,Product literature,v1.1 chronological census,EPH-0202,,HIGH,https://previouspage.co.uk/magazines/BMX%20Action%20Bike/issues/59-february%2Fmarch-eighty-three,Dated period-publication placement
CHR-0203,1983,1983,February/March 1983,Raleigh; Cycle Warehouse,Raleigh Burner five-model retail price list,Retailer advertisement / price list,v1.1 chronological census,EPH-0203,,HIGH,https://previouspage.co.uk/magazines/BMX%20Action%20Bike/issues/59-february%2Fmarch-eighty-three,Dated period-publication placement
CHR-0204,1983,1983,February/March 1983,Max; Alans BMX,"Max checker hats, jerseys, and race-pants advertisement",Retailer advertisement / price list,v1.1 chronological census,EPH-0204,,HIGH,https://previouspage.co.uk/magazines/BMX%20Action%20Bike/issues/59-february%2Fmarch-eighty-three,Dated period-publication placement
CHR-0205,1983,1983,February/March 1983,Halfords; BMX Action Bike,Halfords BMX Nations Cup pre-registration form,Event registration coupon,v1.1 chronological census,EPH-0205,,HIGH,https://previouspage.co.uk/magazines/BMX%20Action%20Bike/issues/59-february%2Fmarch-eighty-three,Dated period-publication placement
CHR-0206,1983,1983,February/March 1983,BMX Action Bike; Firebird; DP Racing,Great Meeting survey and Firebird frame-set competition,Contest entry form / promotion,v1.1 chronological census,EPH-0206,,HIGH,https://previouspage.co.uk/magazines/BMX%20Action%20Bike/issues/59-february%2Fmarch-eighty-three,Dated period-publication placement
CHR-0207,1983,1983,February/March 1983,Cycle Trader,Cycle Trader BMX retail survey issue advertisement,Product literature,v1.1 chronological census,EPH-0207,,MEDIUM-HIGH,https://previouspage.co.uk/magazines/BMX%20Action%20Bike/issues/59-february%2Fmarch-eighty-three,Dated period-publication placement
CHR-0208,1983,1983,February/March 1983,YES Products; BMX Action Bike,YES Products word-building competition,Contest entry form,v1.1 chronological census,EPH-0208,,HIGH,https://previouspage.co.uk/magazines/BMX%20Action%20Bike/issues/59-february%2Fmarch-eighty-three,Dated period-publication placement
CHR-0209,1983,1983,February/March 1983,Firebird; DP Racing,Firebird British chromoly frame-set feature,Product-history object,v1.1 chronological census,EPH-0209,,HIGH,https://previouspage.co.uk/magazines/BMX%20Action%20Bike/issues/59-february%2Fmarch-eighty-three,Dated period-publication placement
CHR-0210,1983,1983,February/March 1983,Mongoose,Mongoose Pro Class complete-bike test,Product-history object,v1.1 chronological census,EPH-0210,,HIGH,https://previouspage.co.uk/magazines/BMX%20Action%20Bike/issues/59-february%2Fmarch-eighty-three,Dated period-publication placement
CHR-0211,1983,1983,February/March 1983,Mongoose,Mongoose Pro Class lightweight wheel system,Product literature,v1.1 chronological census,EPH-0211,,MEDIUM-HIGH,https://previouspage.co.uk/magazines/BMX%20Action%20Bike/issues/59-february%2Fmarch-eighty-three,Dated period-publication placement
CHR-0212,1983,1983,February/March 1983,Bournemouth BMX,Bournemouth BMX track-focus report,Archive collection,v1.1 chronological census,EPH-0212,,HIGH,https://previouspage.co.uk/magazines/BMX%20Action%20Bike/issues/59-february%2Fmarch-eighty-three,Dated period-publication placement
CHR-0213,1983,1983,February/March 1983,Diatron,Diatron Wildcat helmet and race-pants advertisement,Retailer advertisement / price list,v1.1 chronological census,EPH-0213,,HIGH,https://previouspage.co.uk/magazines/BMX%20Action%20Bike/issues/59-february%2Fmarch-eighty-three,Dated period-publication placement
CHR-0214,1983,1983,February/March 1983,Surrey BMX; Kuwahara,Surrey BMX Kuwahara complete-bike price list,Retailer advertisement / price list,v1.1 chronological census,EPH-0214,,HIGH,https://previouspage.co.uk/magazines/BMX%20Action%20Bike/issues/59-february%2Fmarch-eighty-three,Dated period-publication placement
CHR-0215,1983,1983,February/March 1983,Surrey BMX; Race Inc; GT; MCS; PK Ripper; Torker; JMC,Surrey BMX frame-and-fork price list,Retailer advertisement / price list,v1.1 chronological census,EPH-0215,,HIGH,https://previouspage.co.uk/magazines/BMX%20Action%20Bike/issues/59-february%2Fmarch-eighty-three,Dated period-publication placement
CHR-0216,1983,1983,February/March 1983,Surrey BMX; Skyway; ACS; Ukai; SunTour,Surrey BMX wheel-system price list,Retailer advertisement / price list,v1.1 chronological census,EPH-0216,,HIGH,https://previouspage.co.uk/magazines/BMX%20Action%20Bike/issues/59-february%2Fmarch-eighty-three,Dated period-publication placement
CHR-0217,1983,1983,February/March 1983,Hadley,Hadley precision bottom-bracket listing,Product literature,v1.1 chronological census,EPH-0217,,HIGH,https://previouspage.co.uk/magazines/BMX%20Action%20Bike/issues/59-february%2Fmarch-eighty-three,Dated period-publication placement
CHR-0218,1983,1983,February/March 1983,Haro,Haro Freestyle Moves book offer,Catalog mailer,v1.1 chronological census,EPH-0218,,HIGH,https://previouspage.co.uk/magazines/BMX%20Action%20Bike/issues/59-february%2Fmarch-eighty-three,Dated period-publication placement
CHR-0219,1983,1983,February/March 1983,Redline,Redline Flight Cranks 401 Series listing,Product literature,v1.1 chronological census,EPH-0219,,HIGH,https://previouspage.co.uk/magazines/BMX%20Action%20Bike/issues/59-february%2Fmarch-eighty-three,Dated period-publication placement
CHR-0220,1983,1983,February/March 1983,Vans,Vans Style 95 BMX shoe listing,Product literature,v1.1 chronological census,EPH-0220,,HIGH,https://previouspage.co.uk/magazines/BMX%20Action%20Bike/issues/59-february%2Fmarch-eighty-three,Dated period-publication placement
CHR-0221,1983,1983,February/March 1983,BMX Action Bike,ABMX national track-list publication,Archive collection,v1.1 chronological census,EPH-0221,,HIGH,https://previouspage.co.uk/magazines/BMX%20Action%20Bike/issues/59-february%2Fmarch-eighty-three,Dated period-publication placement
CHR-031,1983,1983,October 1983,SR Cycles; SR Jets,SR Cycles product and team promotion,Dealer/shop advertisement,v0.9,EPH-0061,,MEDIUM-HIGH,https://previouspage.co.uk/magazines/BMX%20Action%20Bike/issues/85-october-nineteen-eighty-three,Dated/period placement
CHR-033,1985,1985,1985,Mongoose,1985 Repco price list — Mongoose and parts,Distributor price list,v0.8,EPH-0042,,MEDIUM,https://www.bloggingadeadhorse.com/hotfoot2.php,Dated/period placement
CHR-034,1985,1985,Summer 1985,Redline,RL 20 II Prostyler first dedicated freestyle kit,Product announcement / kit,v0.8,EPH-0038,,MEDIUM-HIGH,https://www.redlinevintagebmx.com/the-rl-40-project,Dated/period placement
CHR-035,1987,1987,1987,Dia-Compe,1987 Dia-Compe 182 Aerial Brake Lever,Product literature,v0.5 inherited,EPH-0005,,MEDIUM,https://www.pinterest.com/pin/bmxmuseumcom-reference-1987-diacompe-182-aerial-brake-lever--731623901972849898/,Dated/period placement
CHR-040,1987,1987,1987,Dyno,DYNO Tour promotional stop listing,Tour promotion / route notice,v0.9,EPH-0058,,MEDIUM,https://previouspage.co.uk/magazines/BMX%20Plus/issues/244-july-nineteen-eighty-seven,Dated/period placement
CHR-042,1987,1987,1987-05-02,Local organizer; Rob Staiger contact,"Ramp Jam — Moorhead, Minnesota",Event notice / contact flyer,v0.9,EPH-0057,,MEDIUM-HIGH,https://previouspage.co.uk/magazines/BMX%20Plus/issues/243-may-nineteen-eighty-seven,Dated/period placement
CHR-036,1987,1987,1987-05-02 to 1987-05-03,AFA,AFA Expert & Pro Contest — Austin,Event entry / pre-registration advertisement,v0.9,EPH-0052,,HIGH,https://previouspage.co.uk/magazines/BMX%20Plus/issues/244-july-nineteen-eighty-seven,Dated/period placement
CHR-041,1987,1987,August 1987,GT; Dyno; Haro; Auburn,Dynamic BMX complete-bike price advertisement,Retailer advertisement / price list,v0.6,EPH-0020,,MEDIUM-HIGH for clear rows,https://previouspage.co.uk/issues/245-august-nineteen-eighty-seven,Dated/period placement
CHR-037,1987,1987,Deadline 1987-09-28; drawing 1987-10-05,GT; BMX Plus!,BMX Plus! / GT Hide-A-Contest,Contest entry form,v0.9,EPH-0053,DUP-GT-HIDE-CONTEST,HIGH for dates,https://previouspage.co.uk/issues/245-august-nineteen-eighty-seven,Dated/period placement
CHR-038,1987,1987,Deadline 1987-09-28; drawing 1987-10-05,GT; BMX Plus!,BMX Plus! / GT Hide-A-Contest entry form,Contest entry form / promotion,v0.6,EPH-0022,DUP-GT-HIDE-CONTEST,HIGH for dates,https://previouspage.co.uk/issues/245-august-nineteen-eighty-seven,Dated/period placement
CHR-039,1987,1987,July 1987,GT; Dyno; Skyway; Haro,Complete-bike mail-order price advertisement,Retailer advertisement / price list,v0.6,EPH-0021,,MEDIUM-HIGH for clear rows,https://previouspage.co.uk/magazines/BMX%20Plus/issues/244-july-nineteen-eighty-seven,Dated/period placement
CHR-043,1990,1990,1990,Haro,1990 Haro BMX Catalog,Catalog,v0.5 inherited,EPH-0004,DUP-HARO-1990-CAT,LOW-MEDIUM,https://storage.googleapis.com/dioyjtkukhpqse/haro-bmx-catalog.html,Dated/period placement
CHR-044,1990,1990,1990,Haro,1990 Haro BMX Catalog,Catalog,v0.7,EPH-0023,DUP-HARO-1990-CAT,HIGH for existence,https://archive.harobikes.com/bmx,Dated/period placement
CHR-045,1990,1990,1990,Haro,1990 Haro Group 1A,Catalog model page,v0.7,EPH-0024,,MEDIUM-HIGH,https://www.bmx-catalogue.com/haro/mid-school/1990/group-1a.html,Dated/period placement
CHR-046,1990,1990,1990,Haro,1990 Haro Group 1B,Catalog model page,v0.7,EPH-0025,,MEDIUM,https://www.bmx-catalogue.com/haro/mid-school/1990/group-1b.html,Dated/period placement
CHR-047,1990,1990,1990,Haro,1990 Haro Group 1C,Catalog model page,v0.7,EPH-0026,,MEDIUM-HIGH,https://www.bmx-catalogue.com/haro/mid-school/1990/group-1c.html,Dated/period placement
CHR-048,1990,1990,1990,Haro,1990 Haro Invert,Catalog model page,v0.7,EPH-0028,,MEDIUM-HIGH,https://www.bmx-catalogue.com/haro/mid-school/1990/invert.html,Dated/period placement
CHR-049,1990,1990,1990,Haro,1990 Haro Master / Team Master,Catalog model page,v0.7,EPH-0027,,MEDIUM-HIGH,https://www.bmx-catalogue.com/haro/mid-school/1990/master.html,Dated/period placement
CHR-050,1990,1990,1990,Haro,1990 Haro Shredder,Catalog model list,v0.7,EPH-0029,,MEDIUM,https://www.bmx-catalogue.com/advanced-search.html,Dated/period placement
CHR-051,1991,1991,1991 catalog; ad in Nov 1991,Haro; Fusion,1991 Haro/Fusion catalog offer,Catalog mailer / advertisement,v0.7,EPH-0030,DUP-HARO-1991-MAILER,HIGH for offer,https://www.previouspage.co.uk/issues/131-november-nineteen-ninety-one,Dated/period placement
CHR-052,1991,1991,Advertisement in Nov 1991,Haro; Fusion; West Coast Cycle,1991 Haro/Fusion catalog request,Catalog mailer,v0.9,EPH-0055,DUP-HARO-1991-MAILER,HIGH,https://www.previouspage.co.uk/issues/131-november-nineteen-ninety-one,Dated/period placement
CHR-053,1992,1992,1992,GT; Dyno,1992 GT/Dyno Product Catalog,Catalog,v0.5 inherited,EPH-0002,DUP-GTD-1992,MEDIUM,https://in.pinterest.com/pin/1011550766308215575/,Dated/period placement
CHR-054,1992,1992,1992,GT; Dyno,1992 GT/Dyno Product Catalog,Catalog,v0.6,EPH-0017,DUP-GTD-1992,MEDIUM,https://in.pinterest.com/pin/1011550766308215575/,Dated/period placement
CHR-055,1996,1996,1996,GT; Dyno,1996 GT/Dyno — The BMX & Freestyle Catalog,Catalog,v0.5 inherited,EPH-0001,DUP-GTD-1996,MEDIUM,https://www.pinterest.com/pin/bmxmuseumcom-reference-1996-gtdyno-the-bmx-freestyle-catalog--491877590560035755/,Dated/period placement
CHR-056,1996,1996,1996,GT; Dyno,1996 GT/Dyno — The BMX & Freestyle Catalog,Catalog,v0.6,EPH-0018,DUP-GTD-1996,MEDIUM,https://www.pinterest.com/pin/bmxmuseumcom-reference-1996-gtdyno-the-bmx-freestyle-catalog--491877590560035755/,Dated/period placement
CHR-057,1997,1997,1997,Hoffman Bikes,1997 Hoffman catalog — George model specification,Catalog,v0.5 inherited,EPH-0007,,HIGH for reference existence; MEDIUM for interpreted model data,https://bmxmuseum.com/reference/1911,Dated/period placement
CHR-058,1999,1999,1999,GT; Dyno,1999 GT/Dyno BMX/Freestyle — Part 2,Catalog,v0.5 inherited,EPH-0003,DUP-GTD-1999-P2,LOW-MEDIUM,https://www.pinterest.com/pin/bmxmuseumcom-reference-1999-gtdyno-bmxfreestyle-part-2-in-2025--798192733998105769/,Dated/period placement
CHR-059,1999,1999,1999,GT; Dyno,1999 GT/Dyno BMX/Freestyle — Part 2,Catalog,v0.6,EPH-0019,DUP-GTD-1999-P2,LOW-MEDIUM,https://www.pinterest.com/pin/bmxmuseumcom-reference-1999-gtdyno-bmxfreestyle-part-2-in-2025--798192733998105769/,Dated/period placement
CHR-060,2026,2026,Undated vintage document; public post 2026,JMC Racing; Azusa collection,Vintage JMC Racing Equipment dealer's price list from Azusa collection,Dealer price list,v0.5 inherited,EPH-0012,,LOW-MEDIUM,https://www.facebook.com/groups/553888658024748/posts/27080185384968381/,Dated/period placement
CHR-061,,,Undated,JMC Racing,JMC Racing Fliers and Price List,Combined flyer / price-list set,v0.5 inherited,EPH-0011,,MEDIUM,https://www.pinterest.com/pin/jmc-bmx-fliers-and-price-list--442478732119429034/,Year is provisional
