Master ID,Source Stage,Original ID,Object Type,Title,Start Year,End Year,Date Text,Brand / Promoter,Primary Subject,Geography,BMXMuseum Status,Exact Reference ID,Source Role,Evidence / Limitation,Confidence,Rights Code,Research Status,Primary Source URL,Secondary Source URL,Normalized Duplicate Key,Duplicate Group,Canonical Action,Notes,Accessed
EPH-0001,v0.5 inherited,BM-AD-0001,Catalog,1996 GT/Dyno — The BMX & Freestyle Catalog,1996,1996,1996,GT; Dyno,"Model lineup, colors, component specifications, team imagery and brand positioning for 1996.",Unresolved / varies,Reference title exposed; exact ID unresolved,,Existing public knowledge register,Public indexing exposes the title and BMXMuseum provenance but not a reliable reference ID or complete page set.,MEDIUM,INDEX-ONLY,Lead — locate exact reference ID and edition/page count.,https://www.pinterest.com/pin/bmxmuseumcom-reference-1996-gtdyno-the-bmx-freestyle-catalog--491877590560035755/,,gt dyno|1996 gt dyno the bmx freestyle catalog|1996,DUP-GTD-1996,MERGE identity; preserve source occurrence,Image: Do not copy scans. Text: Paraphrase bibliographic facts only.,2026-07-30
EPH-0002,v0.5 inherited,BM-AD-0002,Catalog,1992 GT/Dyno Product Catalog,1992,1992,1992,GT; Dyno,"Model-year lineup, specifications and GT/Dyno brand relationship.",Unresolved / varies,Reference title exposed; exact ID unresolved,,Existing public knowledge register,Title is publicly indexed; exact reference ID and completeness remain unresolved.,MEDIUM,INDEX-ONLY,Lead — locate exact reference and compare with independent catalog archives.,https://in.pinterest.com/pin/1011550766308215575/,,gt dyno|1992 gt dyno product catalog|1992,DUP-GTD-1992,MERGE identity; preserve source occurrence,Image: Do not copy scans. Text: Paraphrase bibliographic facts only.,2026-07-30
EPH-0003,v0.5 inherited,BM-AD-0003,Catalog,1999 GT/Dyno BMX/Freestyle — Part 2,1999,1999,1999,GT; Dyno,"Late-1990s model lineup, parts and visual branding.",Unresolved / varies,Reference title exposed; exact ID unresolved,,Existing public knowledge register,Only the indexed title is presently recoverable.,LOW-MEDIUM,INDEX-ONLY,"Lead — locate part 1, exact reference IDs and page ranges.",https://www.pinterest.com/pin/bmxmuseumcom-reference-1999-gtdyno-bmxfreestyle-part-2-in-2025--798192733998105769/,,gt dyno|1999 gt dyno bmx freestyle part 2|1999,DUP-GTD-1999-P2,MERGE identity; preserve source occurrence,Image: Do not copy scans. Text: Paraphrase bibliographic facts only.,2026-07-30
EPH-0004,v0.5 inherited,BM-AD-0004,Catalog,1990 Haro BMX Catalog,1990,1990,1990,Haro,"Haro's 1990 models, specifications, colors and marketing.",Unresolved / varies,Reference title exposed; exact ID unresolved,,Existing public knowledge register,Haro's official BMX archive independently lists a 1990 PDF catalog. The BMXMuseum reference ID and document completeness remain unresolved.,LOW-MEDIUM,INDEX-ONLY,Verified catalog existence — recover exact BMXMuseum ID and compare editions/pages.,https://storage.googleapis.com/dioyjtkukhpqse/haro-bmx-catalog.html,https://archive.harobikes.com/,haro|1990 haro bmx catalog|1990,DUP-HARO-1990-CAT,MERGE identity; preserve source occurrence,Image: Do not copy scans. Text: Paraphrase bibliographic facts only.,2026-07-30
EPH-0005,v0.5 inherited,BM-AD-0005,Product literature,1987 Dia-Compe 182 Aerial Brake Lever,1987,1987,1987,Dia-Compe,"Product name, year, design and marketing context.",Unresolved / varies,Reference title exposed; exact ID unresolved,,Existing public knowledge register,"Indexed title only; the object may be a catalog page, advertisement or product reference.",MEDIUM,INDEX-ONLY,"Lead — identify publication, page and exact BMXMuseum reference.",https://www.pinterest.com/pin/bmxmuseumcom-reference-1987-diacompe-182-aerial-brake-lever--731623901972849898/,,dia compe|1987 dia compe 182 aerial brake lever|1987,,RETAIN — unique source record,Image: Do not copy image. Text: Paraphrase bibliographic facts only.,2026-07-30
EPH-0006,v0.5 inherited,BM-AD-0006,Catalog,Ashtabula component catalog,1977,1977,circa 1977 (unverified),Ashtabula,"Fork sizes, steerer dimensions and product range across wheel sizes.",Unresolved / varies,Reference 5027,5027,Existing public knowledge register,Two independent technical discussions cite the exact BMXMuseum reference 5027 and describe catalog fork data. The edition date remains approximate.,HIGH for object; MEDIUM for date,INDEX-ONLY,Exact reference recovered — inspect edition/page structure only through permitted access.,https://bmxmuseum.com/reference/5027,https://thecabe.com/forum/threads/ashtabula-fork-identification-help.253603/,ashtabula|ashtabula component catalog|1977,DUP-ASHT-5027,MERGE identity; preserve source occurrence,Image: Do not copy scans. Text: Paraphrase factual specifications with attribution.,2026-07-30
EPH-0007,v0.5 inherited,BM-AD-0007,Catalog,1997 Hoffman catalog — George model specification,1997,1997,1997,Hoffman Bikes,"Model name, geometry/specification and model-year existence.",Unresolved / varies,Reference 1911,1911,Existing public knowledge register,An external forum cites the exact BMXMuseum reference for the Hoffman George. The full catalog title and edition need confirmation.,HIGH for reference existence; MEDIUM for interpreted model data,INDEX-ONLY,Open — record exact page and compare with other Hoffman catalogs.,https://bmxmuseum.com/reference/1911,https://www.radbmx.co.uk/forum/index.php?topic=181254.0,hoffman bikes|1997 hoffman catalog george model specification|1997,,RETAIN — unique source record,Image: Do not copy scans. Text: Paraphrase specifications with citation.,2026-07-30
EPH-0008,v0.5 inherited,BM-AD-0008,Magazine advertisement,Tioga Rhino III frame advertisement,1983,1983,1983 lead,Tioga; Tange,"Product launch timing, construction claims, branding and period pricing if present.",Unresolved / varies,Forum object unresolved,,Existing public knowledge register,An external old-school BMX advertisement blog links to an unresolved BMXMuseum forum discussion. The original ad and publication must be identified.,LOW-MEDIUM,INDEX-ONLY,"Lead — recover exact thread, magazine issue and page.",https://edwardkoenning.blogspot.com/2012/09/,,tioga tange|tioga rhino iii frame advertisement|1983,,RETAIN — unique source record,Image: Do not copy image. Text: Paraphrase bibliographic facts only.,2026-07-30
EPH-0009,v0.5 inherited,BM-AD-0009,Magazine advertisement,First Torker advertisement in BMX Weekly,1976,1976,December 1976,Torker,"Earliest public brand marketing, product terminology and launch chronology.",Unresolved / varies,BMXMuseum production-record ecosystem,,Existing public knowledge register,Current official Torker history states the first ad date; the actual BMXMuseum object and magazine page remain to be located.,MEDIUM-HIGH,INDEX-ONLY,Priority — locate the period issue and ad image lawfully.,https://torkerracing.com/pages/the-fullerton-era-torker-bmx-history,,torker|first torker advertisement in bmx weekly|1976,DUP-TORKER-FIRST-AD,MERGE identity; preserve source occurrence,Image: Do not copy without rights review. Text: Paraphrase date/title claims with attribution.,2026-07-30
EPH-0010,v0.5 inherited,BM-AD-0010,Magazine advertisement,First Red Line magazine advertisement featuring John Palfreyman,1970,1970,1970s; exact issue pending,Red Line; John Palfreyman,"Early Red Line rider endorsement, product testing and brand chronology.",Unresolved / varies,Redline brand gallery ecosystem,,Existing public knowledge register,USA BMX officially states Palfreyman appeared in the first Red Line magazine ad; exact publication/date/page still need recovery.,HIGH for relationship; MEDIUM for bibliographic detail,INDEX-ONLY,"Priority — identify magazine, issue, page and product shown.",https://bmxmuseum.com/bikes/redline/,https://www.usabmx.com/news-and-media/6/2012-05-10/National-BMX-Hall-of-Fame-2012-Inductees-Announced?id=580,red line john palfreyman|first red line magazine advertisement featuring john palfreyman|1970,DUP-REDLINE-FIRST-AD,MERGE identity; preserve source occurrence,Image: Do not copy without rights review. Text: Paraphrase bibliographic facts only.,2026-07-30
EPH-0011,v0.5 inherited,BM-AD-0011,Combined flyer / price-list set,JMC Racing Fliers and Price List,,,Undated,JMC Racing,"JMC product range, dealer-facing terminology, period marketing and historical prices if readable.",Unresolved / varies,Reference title exposed; exact ID unresolved,,Existing public knowledge register,"A public index explicitly identifies a BMXMuseum JMC flyer-and-price-list set. Exact reference ID, date, page count and individual prices are not exposed.",MEDIUM,INDEX-ONLY,"Priority — locate exact reference ID, count pages and transcribe only clearly labeled factual price fields.",https://www.pinterest.com/pin/jmc-bmx-fliers-and-price-list--442478732119429034/,https://www.facebook.com/groups/553888658024748/posts/27080185384968381/,jmc racing|jmc racing fliers and price list|,,RETAIN — unique source record,Image: Do not copy scans. Text: Paraphrase bibliographic and price facts only.,2026-07-30
EPH-0012,v0.5 inherited,BM-AD-0012,Dealer price list,Vintage JMC Racing Equipment dealer's price list from Azusa collection,2026,2026,Undated vintage document; public post 2026,JMC Racing; Azusa collection,Existence of a period JMC dealer-price document and possible dealer/distributor context.,Unresolved / varies,External corroborating ephemera lead,,Existing public knowledge register,"The public result exposes the document description but not a reliable issue date, complete contents or readable line-item prices.",LOW-MEDIUM,INDEX-ONLY,Corroboration lead — do not merge with BMXMuseum set until directly compared.,https://www.facebook.com/groups/553888658024748/posts/27080185384968381/,,jmc racing azusa collection|vintage jmc racing equipment dealer s price list from azusa collection|2026,,RETAIN — unique source record,Image: Do not copy image. Text: Paraphrase document description only.,2026-07-30
EPH-0013,v0.5 inherited,BM-AD-0013,Magazine advertisement,July 1979 JMC advertisement,1979,1979,July 1979 issue; ran over multiple months,JMC Racing,"Period product marketing, model terminology and JMC's 1979 market presentation.",Unresolved / varies,First-party JMC historical archive object,,Existing public knowledge register,JMC's historical archive identifies the source as the July 1979 Bicycle Motocross Action issue and says the advertisement appeared over many months. Page and full copy are not transcribed.,HIGH for bibliographic identity,INDEX-ONLY / PERMISSION REQUIRED,Included — index metadata; do not reproduce image or extended copy.,https://jmcbmx.wordpress.com/2010/02/03/july-1979-advertisement/,https://jmcbmx.wordpress.com/page/3/,jmc racing|july 1979 jmc advertisement|1979,,RETAIN — unique source record,Image: Do not copy; BMXA imagery requires Bob Osborn's written permission. Text: Paraphrase bibliographic facts only.,2026-07-30
EPH-0014,v0.5 inherited,BM-AD-0014,Magazine advertisement,April 1981 JMC advertisement,1981,1981,April 1981; appeared in multiple months,JMC Racing; Black Shadow; 3.1 XL,Black Shadow naming after chrome introduction; 3.1 XL 110-lb limit and frame relationship; comparative geometry claim.,Unresolved / varies,First-party JMC historical archive object,,Existing public knowledge register,"The JMC archive identifies Super BMX as the publication and summarizes several claims. Exact page, repeated issues and full advertisement copy remain unresolved.",HIGH for source/date; MEDIUM-HIGH for summarized claims,INDEX-ONLY,Included — preserve claim-level evidence and recover page/issue details.,https://jmcbmx.wordpress.com/2010/02/03/april-1981-advertisement/,https://jmcbmx.wordpress.com/page/3/,jmc racing black shadow 3 1 xl|april 1981 jmc advertisement|1981,,RETAIN — unique source record,Image: Do not copy advertisement image. Text: Paraphrase specific factual claims with attribution.,2026-07-30
EPH-0015,v0.5 inherited,BM-AD-0015,Team advertisement,1981 JMC Factory Team advertisement,1981,1981,1981,JMC Racing; JMC Factory Team,"Factory-team roster context, team presentation and period branding.",Unresolved / varies,First-party JMC historical archive object,,Existing public knowledge register,"The first-party archive confirms the object title and year. Publication, month, issue and complete rider identifications remain unresolved.",MEDIUM-HIGH,INDEX-ONLY,Included — identify publication/issue and riders shown before detailed extraction.,https://jmcbmx.wordpress.com/2010/02/03/81-jmc-factory-team-advertisement/,https://jmcbmx.wordpress.com/page/3/,jmc racing jmc factory team|1981 jmc factory team advertisement|1981,,RETAIN — unique source record,Image: Do not copy advertisement image. Text: Paraphrase bibliographic facts only.,2026-07-30
EPH-0016,v0.5 inherited,BM-AD-0016,Promotional announcement / naming contest,JMC 3.1 XL naming-contest announcement,1980,1980,1980,JMC Racing; Bicycle Harbor of Arizona; Matt Raymer,"Product naming chronology, dealer collaboration and origin of the 3.1 XL name.",Unresolved / varies,Period ABA-paper announcement not yet recovered,,Existing public knowledge register,JMC's first-party history states the contest ran with Bicycle Harbor of Arizona in the ABA paper and that Matt Raymer supplied the winning name. The announcement itself is not yet located.,HIGH for historical claim; LOW for object recovery,INDEX-ONLY,Lead — locate the ABA paper issue and announcement; do not imply an exact scan has been found.,https://jmcbmx.wordpress.com/about/,,jmc racing bicycle harbor of arizona matt raymer|jmc 3 1 xl naming contest announcement|1980,,RETAIN — unique source record,Image: No image recovered. Text: Paraphrase first-party historical claim.,2026-07-30
EPH-0017,v0.6,GTD-OBJ-0001,Catalog,1992 GT/Dyno Product Catalog,1992,1992,1992,GT; Dyno,"Model-year lineup, GT/Dyno relationship and page-level printed prices.",Unresolved / varies,Publicly indexed title and price-bearing pages; exact canonical ID unresolved,,GT/Dyno sequence,"Two indexed pages expose $259 and $319, but exact page numbers, currency and price basis are not established.",MEDIUM,INDEX-ONLY,"OPEN — exact reference, full pagination and price labels",https://in.pinterest.com/pin/1011550766308215575/,https://www.pinterest.com/pin/430304939389697452/,gt dyno|1992 gt dyno product catalog|1992,DUP-GTD-1992,MERGE identity; preserve source occurrence,Do not identify the $319 bicycle without adjacent page context.,2026-07-30
EPH-0018,v0.6,GTD-OBJ-0002,Catalog,1996 GT/Dyno — The BMX & Freestyle Catalog,1996,1996,1996,GT; Dyno,"Mid-1990s BMX/freestyle lineup, brand architecture, models and specifications.",Unresolved / varies,Publicly indexed title; exact canonical ID unresolved,,GT/Dyno sequence,"A public resale listing describes a 22-page 1996 catalog, but this does not resolve the BMXMuseum ID or prove completeness.",MEDIUM,INDEX-ONLY,OPEN — recover exact reference and compare page count,https://www.pinterest.com/pin/bmxmuseumcom-reference-1996-gtdyno-the-bmx-freestyle-catalog--491877590560035755/,,gt dyno|1996 gt dyno the bmx freestyle catalog|1996,DUP-GTD-1996,MERGE identity; preserve source occurrence,Catalog-object existence is stronger than page-level extraction.,2026-07-30
EPH-0019,v0.6,GTD-OBJ-0003,Catalog,1999 GT/Dyno BMX/Freestyle — Part 2,1999,1999,1999,GT; Dyno,"Late-1990s model lineup, components and division of a multi-part reference set.",Unresolved / varies,Publicly indexed title; exact canonical ID unresolved,,GT/Dyno sequence,"Only Part 2 is publicly indexed in this pass; Part 1, page range and exact BMXMuseum ID remain open.",LOW-MEDIUM,INDEX-ONLY,OPEN — locate Part 1 and canonical links,https://www.pinterest.com/pin/bmxmuseumcom-reference-1999-gtdyno-bmxfreestyle-part-2-in-2025--798192733998105769/,,gt dyno|1999 gt dyno bmx freestyle part 2|1999,DUP-GTD-1999-P2,MERGE identity; preserve source occurrence,Keep multi-part object hierarchy explicit.,2026-07-30
EPH-0020,v0.6,GTD-OBJ-0004,Retailer advertisement / price list,Dynamic BMX complete-bike price advertisement,1987,1987,August 1987,GT; Dyno; Haro; Auburn,Contemporaneous advertised prices for GT and Dyno complete bikes.,Unresolved / varies,Independent period publication; not a BMXMuseum object,,GT/Dyno sequence,"OCR is uneven. Only clearly legible model/price pairs are preserved; prices are retailer advertisements, not manufacturer MSRP.",MEDIUM-HIGH for clear rows,INDEX-ONLY,INCLUDED — clear prices only,https://previouspage.co.uk/issues/245-august-nineteen-eighty-seven,,gt dyno haro auburn|dynamic bmx complete bike price advertisement|1987,,RETAIN — unique source record,"US publication context supports USD, but seller identity should be checked from page image before stronger claims.",2026-07-30
EPH-0021,v0.6,GTD-OBJ-0005,Retailer advertisement / price list,Complete-bike mail-order price advertisement,1987,1987,July 1987,GT; Dyno; Skyway; Haro,Contemporaneous advertised prices and cross-brand retail comparison.,Unresolved / varies,Independent period publication; not a BMXMuseum object,,GT/Dyno sequence,OCR is uneven; the four GT rows retained here are clear enough for a price observation but remain retailer prices.,MEDIUM-HIGH for clear rows,INDEX-ONLY,INCLUDED — clear prices only,https://previouspage.co.uk/magazines/BMX%20Plus/issues/244-july-nineteen-eighty-seven,,gt dyno skyway haro|complete bike mail order price advertisement|1987,,RETAIN — unique source record,Do not merge duplicate model prices across sellers/issues.,2026-07-30
EPH-0022,v0.6,GTD-OBJ-0006,Contest entry form / promotion,BMX Plus! / GT Hide-A-Contest entry form,1987,1987,Deadline 1987-09-28; drawing 1987-10-05,GT; BMX Plus!,"GT promotional partnership, contest dates, entry mechanism and period audience marketing.",Unresolved / varies,Independent period publication; not a BMXMuseum object,,GT/Dyno sequence,The indexed page exposes deadline and drawing dates; prize/object details require page-image inspection.,HIGH for dates,INDEX-ONLY,INCLUDED — bibliographic facts; prize details open,https://previouspage.co.uk/issues/245-august-nineteen-eighty-seven,,gt bmx plus|bmx plus gt hide a contest entry form|1987,DUP-GT-HIDE-CONTEST,MERGE identity; preserve source occurrence,"Classified as promotional entry form, not event flyer or catalog.",2026-07-30
EPH-0023,v0.7,HAR-OBJ-0001,Catalog,1990 Haro BMX Catalog,1990,1990,1990,Haro,Existence of a Haro-issued 1990 catalog and official year placement.,Unresolved / varies,Catalog existence verified; exact BMXMuseum ID unresolved,,Official manufacturer archive,Official archive confirms the catalog year but does not expose the unresolved BMXMuseum canonical ID in this pass.,HIGH for existence,INDEX-ONLY,OPEN — recover BMXMuseum ID and compare file pagination,https://archive.harobikes.com/bmx,https://www.bmx-catalogue.com/haro/mid-school/1990/model.html,haro|1990 haro bmx catalog|1990,DUP-HARO-1990-CAT,MERGE identity; preserve source occurrence,Official archive outranks model-recreation pages for catalog existence.,2026-07-30
EPH-0024,v0.7,HAR-OBJ-0002,Catalog model page,1990 Haro Group 1A,1990,1990,1990,Haro,"Model-year existence, full-chromoly claim, race positioning and selected component descriptions.",Unresolved / varies,No exact BMXMuseum model-page ID established,,Enthusiast catalog reconstruction,BMX-Catalogue presents recreated catalog content; treat as corroboration until checked against Haro's PDF.,MEDIUM-HIGH,INDEX-ONLY,INCLUDED WITH ATTRIBUTION,https://www.bmx-catalogue.com/haro/mid-school/1990/group-1a.html,https://archive.harobikes.com/bmx,haro|1990 haro group 1a|1990,,RETAIN — unique source record,Do not treat serial guidance as factory documentation without separate validation.,2026-07-30
EPH-0025,v0.7,HAR-OBJ-0003,Catalog model page,1990 Haro Group 1B,1990,1990,1990,Haro,Model-year existence and chromoly main-tube construction claim.,Unresolved / varies,No exact BMXMuseum model-page ID established,,Enthusiast catalog reconstruction,Public reconstruction is useful for discovery; original Haro page comparison remains required.,MEDIUM,INDEX-ONLY,INCLUDED WITH ATTRIBUTION,https://www.bmx-catalogue.com/haro/mid-school/1990/group-1b.html,https://archive.harobikes.com/bmx,haro|1990 haro group 1b|1990,,RETAIN — unique source record,Model detail intentionally limited to exposed claims.,2026-07-30
EPH-0026,v0.7,HAR-OBJ-0004,Catalog model page,1990 Haro Group 1C,1990,1990,1990,Haro,Model-year existence within the three-model Group 1 range.,Unresolved / varies,No exact BMXMuseum model-page ID established,,Enthusiast catalog reconstruction,"The 1990 overview explicitly names Group 1A, 1B and 1C; full page detail awaits direct comparison.",MEDIUM-HIGH,INDEX-ONLY,INCLUDED WITH ATTRIBUTION,https://www.bmx-catalogue.com/haro/mid-school/1990/group-1c.html,https://www.bmx-catalogue.com/haro/mid-school/1990/model.html,haro|1990 haro group 1c|1990,,RETAIN — unique source record,Keep Group 1 variants as distinct objects.,2026-07-30
EPH-0027,v0.7,HAR-OBJ-0005,Catalog model page,1990 Haro Master / Team Master,1990,1990,1990,Haro,"Master model-year existence, refined bashguard/longer wheelbase claims, colors and limited Team Master availability.",Unresolved / varies,No exact BMXMuseum model-page ID established,,Enthusiast catalog reconstruction,Claims come from a recreated catalog page; verify wording and availability against the official PDF.,MEDIUM-HIGH,INDEX-ONLY,INCLUDED WITH ATTRIBUTION,https://www.bmx-catalogue.com/haro/mid-school/1990/master.html,https://archive.harobikes.com/bmx,haro|1990 haro master team master|1990,,RETAIN — unique source record,Master and Team Master remain linked but separately identifiable variants.,2026-07-30
EPH-0028,v0.7,HAR-OBJ-0006,Catalog model page,1990 Haro Invert,1990,1990,1990,Haro,"Model-year existence, relation to Sport geometry and selected equipment.",Unresolved / varies,No exact BMXMuseum model-page ID established,,Enthusiast catalog reconstruction,Reconstruction should be compared against official scan before exact-copy or specification claims are elevated.,MEDIUM-HIGH,INDEX-ONLY,INCLUDED WITH ATTRIBUTION,https://www.bmx-catalogue.com/haro/mid-school/1990/invert.html,https://archive.harobikes.com/bmx,haro|1990 haro invert|1990,,RETAIN — unique source record,Paraphrase only.,2026-07-30
EPH-0029,v0.7,HAR-OBJ-0007,Catalog model list,1990 Haro Shredder,1990,1990,1990,Haro,Model-year existence and broad freestyle/street/track classification.,Unresolved / varies,No exact BMXMuseum model-page ID established,,Indexed enthusiast model registry,"The advanced registry lists the model, but a dedicated catalog page was not recovered in this pass.",MEDIUM,INDEX-ONLY,OPEN — locate original catalog page,https://www.bmx-catalogue.com/advanced-search.html,https://archive.harobikes.com/bmx,haro|1990 haro shredder|1990,,RETAIN — unique source record,Do not infer complete specification.,2026-07-30
EPH-0030,v0.7,HAR-OBJ-0008,Catalog mailer / advertisement,1991 Haro/Fusion catalog offer,1991,1991,1991 catalog; ad in Nov 1991,Haro; Fusion,"Catalog distribution mechanism, $2 mailer price, Haro/Fusion relationship and distributor context.",Unresolved / varies,Not a BMXMuseum object in this pass,,Independent period publication,"Period publication exposes the offer; retain as promotional ephemera, not as the catalog itself.",HIGH for offer,INDEX-ONLY,INCLUDED — mailer object,https://www.previouspage.co.uk/issues/131-november-nineteen-ninety-one,https://archive.harobikes.com/bmx,haro fusion|1991 haro fusion catalog offer|1991,DUP-HARO-1991-MAILER,MERGE identity; preserve source occurrence,Catalog fee is not a bicycle price.,2026-07-30
EPH-0031,v0.7,ASH-OBJ-0001,Component catalog,Ashtabula component catalog,1977,1977,circa 1977; date provisional,Ashtabula,Catalog-object identity and a period component range.,Unresolved / varies,BMXMuseum reference 5027,5027,EXACT EXTERNAL DIRECT LINK,Two technical discussions independently cite reference 5027; the edition date remains approximate.,HIGH for ID; MEDIUM for date,INDEX-ONLY,EXACT ID RECOVERED,https://bmxmuseum.com/reference/5027,https://thecabe.com/forum/threads/ashtabula-fork-identification-help.253603/,ashtabula|ashtabula component catalog|1977,DUP-ASHT-5027,MERGE identity; preserve source occurrence,Canonical link preserved without direct blocked-path retrieval.,2026-07-30
EPH-0032,v0.7,ASH-OBJ-0002,Catalog claim,Ashtabula crank length range,1977,1977,circa 1977; interpretation,Ashtabula,A discussion reports catalog cranks up to 6-1/2 inches.,Unresolved / varies,Derived from reference 5027 discussion,5027,EXTERNAL TECHNICAL INTERPRETATION,"This is an externally interpreted catalog fact, not direct page transcription in this research route.",MEDIUM,INDEX-ONLY,INCLUDED WITH ATTRIBUTION,https://thecabe.com/forum/threads/ashtabula-fork-identification-help.253603/,https://bmxmuseum.com/reference/5027,ashtabula|ashtabula crank length range|1977,,RETAIN — unique source record,Verify page image when lawful access is available.,2026-07-30
EPH-0033,v0.7,ASH-OBJ-0003,Catalog claim,Ashtabula fork sizing and 6-3/4-inch steerer discussion,1977,1977,circa 1977; interpretation,Ashtabula,A discussion describes fork offerings across wheel sizes and a 6-3/4-inch steerer.,Unresolved / varies,Derived from reference 5027 discussion,5027,EXTERNAL TECHNICAL INTERPRETATION,Technical interpretation depends on the cited discussion; retain attribution and do not generalize beyond the described page.,MEDIUM,INDEX-ONLY,INCLUDED WITH ATTRIBUTION,https://thecabe.com/forum/threads/ashtabula-fork-identification-help.253603/,https://bmxmuseum.com/reference/5027,ashtabula|ashtabula fork sizing and 6 3 4 inch steerer discussion|1977,,RETAIN — unique source record,Ground-clearance rationale is an interpreted claim.,2026-07-30
EPH-0034,v0.7,ASH-OBJ-0004,Manufacturer/distributor catalog page,Mongoose 1979/80 catalog — Ashtabula one-piece cranks,1979,1979,1979/80,Mongoose; Ashtabula,5-1/2-inch and 6-1/2-inch Ashtabula one-piece crank offerings within the Mongoose component catalog.,Unresolved / varies,Independent period PDF,,PERIOD CATALOG PAGE,"Page image was inspected in this research sequence. It corroborates product presence, not the edition/date of reference 5027.",HIGH,INDEX-ONLY,INCLUDED — visual page inspected,https://www.vintagemongoose.com/pdfs/mongoose_cat79-80.pdf,https://www.vintagemongoose.com/info/catalogs.php,mongoose ashtabula|mongoose 1979 80 catalog ashtabula one piece cranks|1979,,RETAIN — unique source record,Do not copy the catalog page into the register.,2026-07-30
EPH-0035,v0.7,ASH-OBJ-0005,Manufacturer/distributor catalog page,Mongoose 1976–77 accessories — Ashtabula/Cecor pedals,1976,1976,1976–77,Mongoose; Ashtabula/Cecor,Ashtabula/Cecor pedal listing alongside early BMX components.,Unresolved / varies,Independent period PDF,,PERIOD CATALOG PAGE,Page image was inspected; exact OEM/branding relationship requires separate corporate verification.,MEDIUM-HIGH,INDEX-ONLY,INCLUDED — visual page inspected,https://www.vintagemongoose.com/pdfs/mongoose_cat76-77.pdf,https://www.vintagemongoose.com/info/catalogs.php,mongoose ashtabula cecor|mongoose 1976 77 accessories ashtabula cecor pedals|1976,,RETAIN — unique source record,Record product listing without claiming manufacturing origin.,2026-07-30
EPH-0036,v0.8,MB-OBJ-0001,Product catalog,1978 Redline product catalog,1978,1978,1978,Redline,"Introduction of purpose-built stem, seat clamp and seat post alongside frames/forks.",Unresolved / varies,BMXMuseum comparison ecosystem; exact catalog reference not recovered,,Historical brand archive,Current historical archive summarizes the catalog; original page structure and BMXMuseum ID remain open.,MEDIUM-HIGH,INDEX-ONLY,INCLUDED WITH ATTRIBUTION,https://www.redlinevintagebmx.com/redline-history,,redline|1978 redline product catalog|1978,,RETAIN — unique source record,Do not reproduce archive images.,2026-07-30
EPH-0037,v0.8,MB-OBJ-0002,Magazine advertisement,First Red Line magazine advertisement featuring John Palfreyman,1970,1970,1970s; exact issue open,Redline,Early rider endorsement and product-testing relationship.,Unresolved / varies,Existing master relationship; exact bibliographic object unresolved,,Official rider-history corroboration,"USA BMX supports the rider/ad relationship; publication, issue, page and product still require recovery.",HIGH for relationship; MEDIUM for object,INDEX-ONLY,OPEN — exact issue/page,https://www.usabmx.com/news-and-media/6/2012-05-10/National-BMX-Hall-of-Fame-2012-Inductees-Announced?id=580,https://www.redlinevintagebmx.com/redline-history,redline|first red line magazine advertisement featuring john palfreyman|1970,DUP-REDLINE-FIRST-AD,MERGE identity; preserve source occurrence,Relationship remains stronger than bibliographic detail.,2026-07-30
EPH-0038,v0.8,MB-OBJ-0003,Product announcement / kit,RL 20 II Prostyler first dedicated freestyle kit,1985,1985,Summer 1985,Redline,"Launch period and kit configuration as frame, fork, handlebars and Dia-Compe 880 brakeset.",Unresolved / varies,No exact BMXMuseum object recovered,,Historical brand archive,Modern historical page summarizes the launch; period advertisement/catalog page remains to be located.,MEDIUM-HIGH,INDEX-ONLY,INCLUDED WITH ATTRIBUTION,https://www.redlinevintagebmx.com/the-rl-40-project,,redline|rl 20 ii prostyler first dedicated freestyle kit|1985,,RETAIN — unique source record,Separate launch claim from surviving-bike authenticity.,2026-07-30
EPH-0039,v0.8,MB-OBJ-0004,Archive collection,Vintage Mongoose catalog and dealer-price archive,1970,1970,1970s onward,Mongoose,"Existence of downloadable brochures, dealer price sheets and catalog corpus.",Unresolved / varies,Uses original BMX Products catalogs and BMXMuseum/community evidence,,Specialist historical archive,Archive stewardship does not automatically grant republication rights for each scan.,HIGH for archive scope,INDEX-ONLY,INCLUDED — discovery hub,https://www.vintagemongoose.com/,https://www.vintagemongoose.com/info/catalogs.php,mongoose|vintage mongoose catalog and dealer price archive|1970,,RETAIN — unique source record,Preserve item-level source and rights data.,2026-07-30
EPH-0040,v0.8,MB-OBJ-0005,Manufacturer catalog,1976–77 Bicycle and Components Catalog,1976,1976,1976–77,Mongoose,"Early Mongoose products, components, part numbers and distributor context.",Unresolved / varies,Independent corroborating catalog; exact BMXMuseum object not established,,Period catalog PDF,Page images may be inspected for facts; the scan is not embedded or republished.,HIGH,INDEX-ONLY,INCLUDED — page inspected,https://www.vintagemongoose.com/pdfs/mongoose_cat76-77.pdf,https://www.vintagemongoose.com/info/catalogs.php,mongoose|1976 77 bicycle and components catalog|1976,,RETAIN — unique source record,Visual evidence recorded without copying.,2026-07-30
EPH-0041,v0.8,MB-OBJ-0006,Manufacturer catalog,1979/80 Bicycle and Components Catalog,1979,1979,1979/80,Mongoose,"Bicycle lineup, accessory range and component relationships including Ashtabula cranks.",Unresolved / varies,Independent corroborating catalog; exact BMXMuseum object not established,,Period catalog PDF,Catalog date is printed on cover; page-specific claims remain tied to inspected pages.,HIGH,INDEX-ONLY,INCLUDED — page inspected,https://www.vintagemongoose.com/pdfs/mongoose_cat79-80.pdf,https://www.vintagemongoose.com/info/catalogs.php,mongoose|1979 80 bicycle and components catalog|1979,,RETAIN — unique source record,Do not treat hosted scan as public-domain.,2026-07-30
EPH-0042,v0.8,MB-OBJ-0007,Distributor price list,1985 Repco price list — Mongoose and parts,1985,1985,1985,Mongoose,Australian distributor pricing and cross-brand distribution context.,Unresolved / varies,No exact BMXMuseum object established,,Australian collector/research archive,Public summary exposes selected prices; currency is likely AUD from Australian context but should be verified from the scan.,MEDIUM,INDEX-ONLY,INCLUDED WITH CURRENCY CAUTION,https://www.bloggingadeadhorse.com/hotfoot2.php,https://www.vintagemongoose.com/,mongoose|1985 repco price list mongoose and parts|1985,,RETAIN — unique source record,Do not transcribe unseen rows.,2026-07-30
EPH-0043,v0.8,MB-OBJ-0008,Product-history object,PK Ripper late-1970s debut,1970,1970,Late 1970s,SE Racing,Early high-end aluminum BMX frame chronology and PK Ripper continuity.,Unresolved / varies,No exact BMXMuseum catalog/ad object recovered,,Current official brand history,"Current marketing history supports a broad debut claim, not an exact first advertisement or catalog page.",MEDIUM-HIGH,INDEX-ONLY,INCLUDED WITH ATTRIBUTION,https://www.sebikes.com/blogs/news/elite-race-series,https://www.sebikes.com/pages/perry-kramer,se racing|pk ripper late 1970s debut|1970,,RETAIN — unique source record,Exact debut date and first-page object remain open.,2026-07-30
EPH-0044,v0.8,MB-OBJ-0009,Rider/model naming history,Perry Kramer initials on PK Ripper,1979,1979,Since early 1979,SE Racing,Rider-to-model naming relationship and approximate start period.,Unresolved / varies,No exact BMXMuseum object recovered,,First-person official rider page,First-person statement supports the relationship; catalog/advertisement evidence remains separate.,HIGH for relationship,INDEX-ONLY,INCLUDED — relationship evidence,https://www.sebikes.com/pages/perry-kramer,https://www.sebikes.com/blogs/news/classic-1,se racing|perry kramer initials on pk ripper|1979,,RETAIN — unique source record,Do not convert approximate timing into exact launch date.,2026-07-30
EPH-0045,v0.8,MB-OBJ-0010,Team/product advertisement,Silver Streak team advertisement and product naming,1982,1982,1982,Diamond Back,"1981 ABA factory-team award, Silver Streak naming relationship and period promotional language.",Unresolved / varies,No exact BMXMuseum reference recovered,,Period publication,Repeated issues support campaign continuity; exact original US placement and complete copy are not reproduced.,HIGH for period object,INDEX-ONLY,INCLUDED — campaign object,https://previouspage.co.uk/magazines/BMX%20Action%20Bike/issues/13-april%2Fmay-eighty-two,https://previouspage.co.uk/magazines/BMX%20Action%20Bike/issues/25-october%2Fnovember-eighty-two,diamond back|silver streak team advertisement and product naming|1982,,RETAIN — unique source record,Historical styling retained as Diamond Back.,2026-07-30
EPH-0046,v0.8,MB-OBJ-0011,Information-pack mailer,Free Diamond Back and Pro Star info pack and decal,1982,1982,1982,Diamond Back,Direct-to-factory information-pack offer and decal promotion.,Unresolved / varies,No exact BMXMuseum reference recovered,,Period publication,The offer is visible in multiple issues; contents of the pack are not recovered in this pass.,HIGH for offer,INDEX-ONLY,INCLUDED — mailer/flyer lead,https://previouspage.co.uk/magazines/BMX%20Action%20Bike/issues/13-april%2Fmay-eighty-two,https://previouspage.co.uk/magazines/BMX%20Action%20Bike/issues/57-august%2Fseptember-eighty-two,diamond back|free diamond back and pro star info pack and decal|1982,DUP-DB-INFO-PACK,MERGE identity; preserve source occurrence,Do not count the unseen pack as multiple documents.,2026-07-30
EPH-0047,v0.8,MB-OBJ-0012,Magazine advertisement,First Torker advertisement in BMX Weekly,1976,1976,December 1976,Torker,Brand-launch chronology and earliest reported public advertisement.,Unresolved / varies,BMXMuseum production-record ecosystem; exact ad page unresolved,,Current official historical archive,Official Torker history supplies the date; period issue/page and exact image remain to be recovered.,MEDIUM-HIGH,INDEX-ONLY,OPEN — period issue/page,https://torkerracing.com/pages/the-fullerton-era-torker-bmx-history,https://torkerracing.com/pages/torker-bmx-models,torker|first torker advertisement in bmx weekly|1976,DUP-TORKER-FIRST-AD,MERGE identity; preserve source occurrence,Existing master record retained and strengthened.,2026-07-30
EPH-0048,v0.8,MB-OBJ-0013,Model archive,Fullerton-era Torker model archive,1976,1984,1976–1984,Torker,"Chronological model sequence, serial families, factory colors and rider associations.",Unresolved / varies,Explicitly cites BMXMuseum production research,,Current official historical archive,Modern official synthesis draws from BMXMuseum and period magazines; each underlying claim should retain source attribution.,HIGH for archive role,INDEX-ONLY,INCLUDED — discovery and verification hub,https://torkerracing.com/pages/torker-bmx-models,https://torkerracing.com/pages/the-fullerton-era-torker-bmx-history,torker|fullerton era torker model archive|1976,,RETAIN — unique source record,"Useful for cross-linking, not a substitute for period scans.",2026-07-30
EPH-0049,v0.8,MB-OBJ-0014,Factory-team history,1979 National Number One team / 1980 world-pro chronology,1979,1980,1979–1980,Torker,Team and rider chronology relevant to advertisements and team flyers.,Unresolved / varies,BMXMuseum production and team-history ecosystem,,Current official historical archive,Modern historical synthesis should be cross-checked against period result and team-ad objects.,MEDIUM-HIGH,INDEX-ONLY,INCLUDED WITH ATTRIBUTION,https://torkerracing.com/blogs/news/torker-bmx-number-one-team-in-america,https://torkerracing.com/pages/torker-bmx-hall-of-fame,torker|1979 national number one team 1980 world pro chronology|1979,,RETAIN — unique source record,Relationship leads for future team-flyer sweep.,2026-07-30
EPH-0050,v0.9,SEQ-FLY-0001,Event flyer / trade-exhibition notice,Pontin's BMX Open Championships & Trade Exhibition,1983,1983,1983-10-07 to 1983-10-09,Pontin's; UK BMX organizers,"Open championships, trade exhibition and BMX holiday weekend","Morecambe, England, United Kingdom",No exact BMXMuseum object recovered,,Period magazine advertisement / booking form,People: Mike Pardon; Andy Preston (freestyle demos referenced in surrounding promotion); Venue: Pontin's Middleton Tower Holiday Centre; Offer: Booking and trade forms offered; race weekend over three dates,HIGH,INDEX-ONLY,INCLUDED — exact dates/venue,https://previouspage.co.uk/magazines/BMX%20Action%20Bike/issues/64-september-nineteen-eighty-three,,pontin s uk bmx organizers|pontin s bmx open championships trade exhibition|1983,,RETAIN — unique source record,Image: Do not copy page image. Text: Paraphrase event facts and form function. September and October issues support the campaign; preserve issue-specific occurrences.,2026-07-30
EPH-0051,v0.9,SEQ-FLY-0002,Event registration coupon,Lee Cooper BMX Indoor Grand Prix pre-registration,1982,1982,Winter 1982–83; exact event dates open,Lee Cooper,Indoor BMX racing and stunt event; Diamond Back Teamfinder first-round context,"Edmonton, London, United Kingdom",No exact BMXMuseum object recovered,,Period magazine coupon,People: Rider roster not fully extracted; Venue: Pickett's Lock Centre; Offer: Coupon requested latest information and pre-registration forms,MEDIUM-HIGH,INDEX-ONLY,INCLUDED — exact dates pending,https://previouspage.co.uk/magazines/BMX%20Action%20Bike/issues/58-december%2Fjanuary-eighty-two,,lee cooper|lee cooper bmx indoor grand prix pre registration|1982,,RETAIN — unique source record,Image: Do not copy coupon image. Text: Paraphrase form and event function. Do not infer event dates from issue month.,2026-07-30
EPH-0052,v0.9,SEQ-FLY-0003,Event entry / pre-registration advertisement,AFA Expert & Pro Contest — Austin,1987,1987,1987-05-02 to 1987-05-03,AFA,"Expert/pro freestyle contest; $2,000 purse","Austin, Texas, United States",No exact BMXMuseum object recovered,,Period event advertisement,People: Dennis McCoy; Robert Peterson; Rick Allison; other pros; Venue: Austin City Coliseum; Offer: Pre-registration only; expert and pro classes,HIGH,INDEX-ONLY,INCLUDED,https://previouspage.co.uk/magazines/BMX%20Plus/issues/244-july-nineteen-eighty-seven,,afa|afa expert pro contest austin|1987,,RETAIN — unique source record,"Image: Do not copy advertisement. Text: Paraphrase event facts, classes and dates. The event was advertised in multiple issues; preserve first-seen and repeated placements separately if later itemized.",2026-07-30
EPH-0053,v0.9,SEQ-FLY-0004,Contest entry form,BMX Plus! / GT Hide-A-Contest,1987,1987,Deadline 1987-09-28; drawing 1987-10-05,GT; BMX Plus!,Reader contest and GT promotion,United States,No exact BMXMuseum object recovered,,Period contest entry form,People: Not applicable; Venue: Mail-in entry; Offer: No purchase necessary; mail-in form with published deadline and drawing date,HIGH for dates,INDEX-ONLY,INCLUDED — prize details open,https://previouspage.co.uk/issues/245-august-nineteen-eighty-seven,,gt bmx plus|bmx plus gt hide a contest|1987,DUP-GT-HIDE-CONTEST,MERGE identity; preserve source occurrence,"Image: Do not copy form image. Text: Paraphrase dates and contest structure. Promotional entry form, not a race flyer.",2026-07-30
EPH-0054,v0.9,SEQ-FLY-0005,Information-pack mailer,Diamond Back and Pro Star Info Pack & Decal,1982,1982,1982 campaign,Diamond Back; Pro Star,Product information pack and decal,United States origin; advertised in United Kingdom publication,No exact BMXMuseum object recovered,,Period product mailer advertisement,People: Diamond Back factory team / Harry Leary context in campaign copy; Venue: Direct-to-factory mail request; Offer: Free info pack and decal offered,HIGH for offer,INDEX-ONLY,INCLUDED — contents unresolved,https://previouspage.co.uk/magazines/BMX%20Action%20Bike/issues/13-april%2Fmay-eighty-two,,diamond back pro star|diamond back and pro star info pack decal|1982,DUP-DB-INFO-PACK,MERGE identity; preserve source occurrence,Image: Do not copy advertisement. Text: Paraphrase offer; unseen pack not inventoried. Repeated placements do not prove multiple pack editions.,2026-07-30
EPH-0055,v0.9,SEQ-FLY-0006,Catalog mailer,1991 Haro/Fusion catalog request,1991,1991,Advertisement in Nov 1991,Haro; Fusion; West Coast Cycle,1991 product catalog,"Carlsbad, California, United States",Haro 1990 BMXMuseum reference ID remains unresolved; mailer is independent,,Period catalog mailer,People: Not applicable; Venue: Mail request; Offer: Send $2 for a 1991 catalog,HIGH,INDEX-ONLY,INCLUDED,https://www.previouspage.co.uk/issues/131-november-nineteen-ninety-one,,haro fusion west coast cycle|1991 haro fusion catalog request|1991,DUP-HARO-1991-MAILER,MERGE identity; preserve source occurrence,Image: Do not copy ad image. Text: Paraphrase offer and distributor context. Catalog-request fee stored separately from product prices.,2026-07-30
EPH-0056,v0.9,SEQ-FLY-0007,Dealer price-list / sticker offer,Send SAE for price list and free sticker,1982,1982,September 1982,Retailer/dealer unresolved from indexed alignment,BMX products and dealer price list,United Kingdom,No exact BMXMuseum object recovered,,Period retailer advertisement,People: Not applicable; Venue: Mail-order dealer advertisement; Offer: Self-addressed envelope for price list and free sticker,MEDIUM,INDEX-ONLY,INCLUDED WITH LIMITS,https://previouspage.co.uk/magazines/BMX%20Weekly/issues/213-september-nineteen-eighty-two,,retailer dealer unresolved from indexed alignment|send sae for price list and free sticker|1982,,RETAIN — unique source record,Image: Do not copy advertisement. Text: Paraphrase offer; dealer identity pending page inspection. OCR alignment requires visual verification before dealer attribution.,2026-07-30
EPH-0057,v0.9,SEQ-FLY-0008,Event notice / contact flyer,"Ramp Jam — Moorhead, Minnesota",1987,1987,1987-05-02,Local organizer; Rob Staiger contact,Ramp Jam,"Moorhead, Minnesota, United States",No exact BMXMuseum object recovered,,Period magazine event notice,People: Ramp riders; Venue: Venue not exposed in indexed text; Offer: Contact Rob Staiger for information,MEDIUM-HIGH,INDEX-ONLY,INCLUDED — venue open,https://previouspage.co.uk/magazines/BMX%20Plus/issues/243-may-nineteen-eighty-seven,,local organizer rob staiger contact|ramp jam moorhead minnesota|1987,,RETAIN — unique source record,Image: Do not copy notice. Text: Paraphrase date/location/contact role; do not republish address. Personal street address from period notice is intentionally not stored.,2026-07-30
EPH-0058,v0.9,SEQ-FLY-0009,Tour promotion / route notice,DYNO Tour promotional stop listing,1987,1987,1987,Dyno,Freestyle tour / dealer-stop promotion,United States,GT/Dyno catalog IDs unresolved; tour object independent,,Period magazine promotional notice,People: Tour riders not fully extracted; Venue: Multiple stops; exact venues not itemized; Offer: Publicity listing of stops and route context,MEDIUM,INDEX-ONLY,INCLUDED — stops pending,https://previouspage.co.uk/magazines/BMX%20Plus/issues/244-july-nineteen-eighty-seven,,dyno|dyno tour promotional stop listing|1987,,RETAIN — unique source record,Image: Do not copy page image. Text: Paraphrase tour existence; itemize stops only after page inspection. Do not create named venue records from city-only OCR.,2026-07-30
EPH-0059,v0.9,SEQ-FLY-0010,Event prize promotion,Diamond Back Silver Streak free draw at Lee Cooper event,1982,1982,Winter 1982–83,Lee Cooper; Diamond Back,Two Silver Streak bicycles offered in free daily draws,"Edmonton, London, United Kingdom",No exact BMXMuseum object recovered,,Period event promotion,People: Event attendees; Venue: Lee Cooper BMX Indoor Grand Prix context; Offer: Free draw each day for riders attending,MEDIUM-HIGH,INDEX-ONLY,INCLUDED,https://previouspage.co.uk/magazines/BMX%20Action%20Bike/issues/58-december%2Fjanuary-eighty-two,,lee cooper diamond back|diamond back silver streak free draw at lee cooper event|1982,,RETAIN — unique source record,Image: Do not copy promotion. Text: Paraphrase prize relationship and event context. Separate from the pre-registration coupon because it verifies a distinct brand-event relationship.,2026-07-30
EPH-0060,v0.9,SEQ-FLY-0011,Dealer advertisement / price-list lead,Langsett Cycles BMX product advertisement,1983,1983,December 1983 issue,Langsett Cycles,"Complete bikes, frames/forks, wheels and components","Sheffield, England, United Kingdom",No exact BMXMuseum object recovered,,Period dealer advertisement,People: Not applicable; Venue: Langsett Cycles; Offer: Retail prices and carriage terms; broad product inventory,MEDIUM-HIGH,INDEX-ONLY,INCLUDED — deeper transcription deferred,https://previouspage.co.uk/magazines/BMX%20Action%20Bike/issues/87-december%20%2F%20january-eighty-three,,langsett cycles|langsett cycles bmx product advertisement|1983,,RETAIN — unique source record,Image: Do not copy advertisement. Text: Extract only clearly aligned line items. Dealer advertisement is not a manufacturer price sheet.,2026-07-30
EPH-0061,v0.9,SEQ-FLY-0012,Dealer/shop advertisement,SR Cycles product and team promotion,1983,1983,October 1983,SR Cycles; SR Jets,Dealer inventory and team-linked purchase promotion,Bristol / United Kingdom,No exact BMXMuseum object recovered,,Period dealer advertisement,People: SR Jets; Venue: SR Cycles; Offer: Free SR Jets race shirt with each bike bought through end of October; money-order hold offer,MEDIUM-HIGH,INDEX-ONLY,INCLUDED,https://previouspage.co.uk/magazines/BMX%20Action%20Bike/issues/85-october-nineteen-eighty-three,,sr cycles sr jets|sr cycles product and team promotion|1983,,RETAIN — unique source record,"Image: Do not copy advertisement. Text: Paraphrase offer and brand list. Connects dealer, team identity, brands and timed promotion.",2026-07-30
