Price Observation ID,Source Object ID,Brand,Product / Model,Product Type,Issue / Date,Price Numeric,Currency,Displayed Price,Price Basis,Geography / Context,Source Type,Directness / Evidence,Confidence,Source URL,Rights Code,Observation Key,Duplicate Decision,Normalization Note,Accessed
BM-PRICE-0001,BM-AD-0011,JMC Racing,JMC BMX product range,Unresolved / varies,Undated,,UNCONFIRMED,Not exposed in public index,Price list; dealer vs retail basis unresolved,Unresolved,JMC Racing Fliers and Price List,INDEXED-TITLE + EXTERNAL-CORROBORATION,MEDIUM,https://www.pinterest.com/pin/jmc-bmx-fliers-and-price-list--442478732119429034/,INDEX-ONLY,jmc racing|jmc bmx product range|undated||UNCONFIRMED|https www pinterest com pin jmc bmx fliers and price list 442478732119429034,RETAIN — source-specific observation,"Confirmed set title — locate exact reference ID, pages, date and price columns. Do not infer line-item prices from thumbnails or incomplete snippets.",2026-07-30
BM-PRICE-0002,BM-AD-0002,GT; Dyno,Interceptor,Unresolved / varies,1992,259,UNCONFIRMED,$259,Printed catalog price; exact basis unresolved,Unresolved,1992 GT/Dyno Product Catalog,SEARCH-INDEXED-PAGE,MEDIUM,https://www.pinterest.com/pin/430304939389697452/,INDEX-ONLY,gt dyno|interceptor|1992|259.0|UNCONFIRMED|https www pinterest com pin 430304939389697452,DUP-PRICE-1992-259 — merge numeric observation; retain source row,"Observed in public index — verify exact page, configuration, currency and price basis. Do not label as MSRP, dealer cost or sale price until the page heading/legend is inspected.",2026-07-30
BM-PRICE-0003,BM-AD-0002,GT; Dyno,Blue bicycle; exact model unresolved,Unresolved / varies,1992,319,UNCONFIRMED,$319,Printed catalog price; exact basis unresolved,Unresolved,1992 GT/Dyno Product Catalog,SEARCH-INDEXED-PAGE,LOW-MEDIUM,https://mx.pinterest.com/pin/430304939389697467/,INDEX-ONLY,gt dyno|blue bicycle exact model unresolved|1992|319.0|UNCONFIRMED|https mx pinterest com pin 430304939389697467,DUP-PRICE-1992-319 — merge numeric observation; retain source row,Retain model as unresolved until the page and adjacent catalog context are inspected. Price observation is preserved separately from model identification.,2026-07-30
BM-PRICE-0004,BM-AD-0012,JMC Racing,JMC Racing equipment,Unresolved / varies,Undated vintage document; public post 2026,,UNCONFIRMED,Not exposed in public index,Dealer price list per public description,Unresolved,Vintage JMC Racing Equipment dealer's price list from Azusa collection,EXTERNAL-PUBLIC-LEAD,LOW-MEDIUM,https://www.facebook.com/groups/553888658024748/posts/27080185384968381/,INDEX-ONLY,jmc racing|jmc racing equipment|undated vintage document public post 2026||UNCONFIRMED|https www facebook com groups 553888658024748 posts 27080185384968381,RETAIN — source-specific observation,Corroboration only — compare against BM-PRICE-0001 before merging records. The collection/post context is not automatically the original document issuer or dealer.,2026-07-30
GTD-PR-0001,BM-AD-0002,GT,Interceptor,Complete bicycle,1992,259,UNCONFIRMED,$259,Printed catalog price; exact basis unresolved,Market unresolved,Indexed catalog page,Indexed observation,MEDIUM,https://www.pinterest.com/pin/430304939389697452/,INDEX-ONLY,gt|interceptor|1992|259|UNCONFIRMED|https www pinterest com pin 430304939389697452,DUP-PRICE-1992-259 — merge numeric observation; retain source row,Numeric value normalized; currency intentionally not assumed.,2026-07-30
GTD-PR-0002,BM-AD-0002,GT/Dyno,Blue bicycle; model unresolved,Complete bicycle,1992,319,UNCONFIRMED,$319,Printed catalog price; exact basis unresolved,Market unresolved,Indexed catalog page,Indexed observation,LOW-MEDIUM,https://mx.pinterest.com/pin/430304939389697467/,INDEX-ONLY,gt dyno|blue bicycle model unresolved|1992|319|UNCONFIRMED|https mx pinterest com pin 430304939389697467,DUP-PRICE-1992-319 — merge numeric observation; retain source row,Model and currency remain unresolved.,2026-07-30
GTD-PR-0003,GTD-OBJ-0004,Dyno,Dinky Dyno 16-inch,Complete bicycle,Aug 1987,119,USD,$119,Advertised retailer/mail-order price,United States publication context,Period retailer advertisement,Direct text/OCR; clear pair,MEDIUM-HIGH,https://previouspage.co.uk/issues/245-august-nineteen-eighty-seven,INDEX-ONLY,dyno|dinky dyno 16 inch|aug 1987|119|USD|https previouspage co uk issues 245 august nineteen eighty seven,RETAIN — source-specific observation,Not manufacturer MSRP.,2026-07-30
GTD-PR-0004,GTD-OBJ-0004,Dyno,Compe,Complete bicycle,Aug 1987,149,USD,$149,Advertised retailer/mail-order price,United States publication context,Period retailer advertisement,Direct text/OCR; clear pair,MEDIUM-HIGH,https://previouspage.co.uk/issues/245-august-nineteen-eighty-seven,INDEX-ONLY,dyno|compe|aug 1987|149|USD|https previouspage co uk issues 245 august nineteen eighty seven,RETAIN — source-specific observation,Not manufacturer MSRP.,2026-07-30
GTD-PR-0005,GTD-OBJ-0004,Dyno,D-Tour,Complete bicycle,Aug 1987,189,USD,$189,Advertised retailer/mail-order price,United States publication context,Period retailer advertisement,Direct text/OCR; clear pair,MEDIUM-HIGH,https://previouspage.co.uk/issues/245-august-nineteen-eighty-seven,INDEX-ONLY,dyno|d tour|aug 1987|189|USD|https previouspage co uk issues 245 august nineteen eighty seven,RETAIN — source-specific observation,Not manufacturer MSRP.,2026-07-30
GTD-PR-0006,GTD-OBJ-0004,Dyno,Pro Compe,Complete bicycle,Aug 1987,279,USD,$279,Advertised retailer/mail-order price,United States publication context,Period retailer advertisement,Direct text/OCR; clear pair,MEDIUM-HIGH,https://previouspage.co.uk/issues/245-august-nineteen-eighty-seven,INDEX-ONLY,dyno|pro compe|aug 1987|279|USD|https previouspage co uk issues 245 august nineteen eighty seven,RETAIN — source-specific observation,Not manufacturer MSRP.,2026-07-30
GTD-PR-0007,GTD-OBJ-0004,Dyno,Pro Compe Team,Complete bicycle,Aug 1987,419,USD,$419,Advertised retailer/mail-order price,United States publication context,Period retailer advertisement,Direct text/OCR; clear pair,MEDIUM-HIGH,https://previouspage.co.uk/issues/245-august-nineteen-eighty-seven,INDEX-ONLY,dyno|pro compe team|aug 1987|419|USD|https previouspage co uk issues 245 august nineteen eighty seven,RETAIN — source-specific observation,Not manufacturer MSRP.,2026-07-30
GTD-PR-0008,GTD-OBJ-0004,Dyno,VFR BMX,Complete bicycle,Aug 1987,129,USD,$129,Advertised retailer/mail-order price,United States publication context,Period retailer advertisement,Direct text/OCR; clear pair,MEDIUM-HIGH,https://previouspage.co.uk/issues/245-august-nineteen-eighty-seven,INDEX-ONLY,dyno|vfr bmx|aug 1987|129|USD|https previouspage co uk issues 245 august nineteen eighty seven,RETAIN — source-specific observation,Not manufacturer MSRP.,2026-07-30
GTD-PR-0009,GTD-OBJ-0004,GT,Jr. Performer,Complete bicycle,Aug 1987,119,USD,$119,Advertised retailer/mail-order price,United States publication context,Period retailer advertisement,Direct text/OCR; clear pair,MEDIUM-HIGH,https://previouspage.co.uk/issues/245-august-nineteen-eighty-seven,INDEX-ONLY,gt|jr performer|aug 1987|119|USD|https previouspage co uk issues 245 august nineteen eighty seven,RETAIN — source-specific observation,Not manufacturer MSRP.,2026-07-30
GTD-PR-0010,GTD-OBJ-0004,GT,Vertigo,Complete bicycle,Aug 1987,164,USD,$164,Advertised retailer/mail-order price,United States publication context,Period retailer advertisement,Direct text/OCR; clear pair,MEDIUM-HIGH,https://previouspage.co.uk/issues/245-august-nineteen-eighty-seven,INDEX-ONLY,gt|vertigo|aug 1987|164|USD|https previouspage co uk issues 245 august nineteen eighty seven,RETAIN — source-specific observation,Not manufacturer MSRP.,2026-07-30
GTD-PR-0011,GTD-OBJ-0004,GT,Performer,Complete bicycle,Aug 1987,199,USD,$199,Advertised retailer/mail-order price,United States publication context,Period retailer advertisement,Direct text/OCR; clear pair,MEDIUM-HIGH,https://previouspage.co.uk/issues/245-august-nineteen-eighty-seven,INDEX-ONLY,gt|performer|aug 1987|199|USD|https previouspage co uk issues 245 august nineteen eighty seven,RETAIN — source-specific observation,Not manufacturer MSRP.,2026-07-30
GTD-PR-0012,GTD-OBJ-0004,GT,Pro Freestyle Tour,Complete bicycle,Aug 1987,299,USD,$299,Advertised retailer/mail-order price,United States publication context,Period retailer advertisement,Direct text/OCR; clear pair,MEDIUM-HIGH,https://previouspage.co.uk/issues/245-august-nineteen-eighty-seven,INDEX-ONLY,gt|pro freestyle tour|aug 1987|299|USD|https previouspage co uk issues 245 august nineteen eighty seven,RETAIN — source-specific observation,Source abbreviates model as Pro F/S Tour.,2026-07-30
GTD-PR-0013,GTD-OBJ-0004,GT,Pro Freestyle Team,Complete bicycle,Aug 1987,429,USD,$429,Advertised retailer/mail-order price,United States publication context,Period retailer advertisement,Direct text/OCR; clear pair,MEDIUM-HIGH,https://previouspage.co.uk/issues/245-august-nineteen-eighty-seven,INDEX-ONLY,gt|pro freestyle team|aug 1987|429|USD|https previouspage co uk issues 245 august nineteen eighty seven,RETAIN — source-specific observation,Source abbreviates model as Pro F/S Team.,2026-07-30
GTD-PR-0014,GTD-OBJ-0004,GT,Interceptor,Complete bicycle,Aug 1987,169,USD,$169,Advertised retailer/mail-order price,United States publication context,Period retailer advertisement,Direct text/OCR; clear pair,MEDIUM-HIGH,https://previouspage.co.uk/issues/245-august-nineteen-eighty-seven,INDEX-ONLY,gt|interceptor|aug 1987|169|USD|https previouspage co uk issues 245 august nineteen eighty seven,RETAIN — source-specific observation,Do not compare directly with the unresolved 1992 $259 configuration.,2026-07-30
GTD-PR-0015,GTD-OBJ-0004,GT,Mach 1,Complete bicycle,Aug 1987,209,USD,$209,Advertised retailer/mail-order price,United States publication context,Period retailer advertisement,Direct text/OCR; clear pair,MEDIUM-HIGH,https://previouspage.co.uk/issues/245-august-nineteen-eighty-seven,INDEX-ONLY,gt|mach 1|aug 1987|209|USD|https previouspage co uk issues 245 august nineteen eighty seven,RETAIN — source-specific observation,Not manufacturer MSRP.,2026-07-30
GTD-PR-0016,GTD-OBJ-0004,GT,Pro Series,Complete bicycle,Aug 1987,329,USD,$329,Advertised retailer/mail-order price,United States publication context,Period retailer advertisement,Direct text/OCR; clear pair,MEDIUM-HIGH,https://previouspage.co.uk/issues/245-august-nineteen-eighty-seven,INDEX-ONLY,gt|pro series|aug 1987|329|USD|https previouspage co uk issues 245 august nineteen eighty seven,RETAIN — source-specific observation,Not manufacturer MSRP.,2026-07-30
GTD-PR-0017,GTD-OBJ-0004,GT,Pro Series Team,Complete bicycle,Aug 1987,449,USD,$449,Advertised retailer/mail-order price,United States publication context,Period retailer advertisement,Direct text/OCR; clear pair,MEDIUM-HIGH,https://previouspage.co.uk/issues/245-august-nineteen-eighty-seven,INDEX-ONLY,gt|pro series team|aug 1987|449|USD|https previouspage co uk issues 245 august nineteen eighty seven,RETAIN — source-specific observation,Not manufacturer MSRP.,2026-07-30
GTD-PR-0018,GTD-OBJ-0005,GT,Performer,Complete bicycle,Jul 1987,199.95,USD,$199.95,Advertised retailer/mail-order price,United States publication context,Period retailer advertisement,Direct text/OCR; clear pair,MEDIUM-HIGH,https://previouspage.co.uk/magazines/BMX%20Plus/issues/244-july-nineteen-eighty-seven,INDEX-ONLY,gt|performer|jul 1987|199.95|USD|https previouspage co uk magazines bmx 20plus issues 244 july nineteen eighty seven,RETAIN — source-specific observation,Separate seller/issue observation; do not deduplicate against August.,2026-07-30
GTD-PR-0019,GTD-OBJ-0005,GT,Pro Performer,Complete bicycle,Jul 1987,289.95,USD,$289.95,Advertised retailer/mail-order price,United States publication context,Period retailer advertisement,Direct text/OCR; clear pair,MEDIUM-HIGH,https://previouspage.co.uk/magazines/BMX%20Plus/issues/244-july-nineteen-eighty-seven,INDEX-ONLY,gt|pro performer|jul 1987|289.95|USD|https previouspage co uk magazines bmx 20plus issues 244 july nineteen eighty seven,RETAIN — source-specific observation,Not manufacturer MSRP.,2026-07-30
GTD-PR-0020,GTD-OBJ-0005,GT,Pro World Tour,Complete bicycle,Jul 1987,344.95,USD,$344.95,Advertised retailer/mail-order price,United States publication context,Period retailer advertisement,Direct text/OCR; clear pair,MEDIUM-HIGH,https://previouspage.co.uk/magazines/BMX%20Plus/issues/244-july-nineteen-eighty-seven,INDEX-ONLY,gt|pro world tour|jul 1987|344.95|USD|https previouspage co uk magazines bmx 20plus issues 244 july nineteen eighty seven,RETAIN — source-specific observation,Not manufacturer MSRP.,2026-07-30
GTD-PR-0021,GTD-OBJ-0005,GT,Mach 1,Complete bicycle,Jul 1987,214.95,USD,$214.95,Advertised retailer/mail-order price,United States publication context,Period retailer advertisement,Direct text/OCR; clear pair,MEDIUM-HIGH,https://previouspage.co.uk/magazines/BMX%20Plus/issues/244-july-nineteen-eighty-seven,INDEX-ONLY,gt|mach 1|jul 1987|214.95|USD|https previouspage co uk magazines bmx 20plus issues 244 july nineteen eighty seven,RETAIN — source-specific observation,Separate seller/issue observation.,2026-07-30
HAR-PR-0001,GTD-OBJ-0004,Haro,Shredder,Complete bicycle,Aug 1987,169,USD,$169,Advertised retailer/mail-order price,United States publication context,Period retailer advertisement,Direct text/OCR; clear pair,MEDIUM-HIGH,https://previouspage.co.uk/issues/245-august-nineteen-eighty-seven,INDEX-ONLY,haro|shredder|aug 1987|169|USD|https previouspage co uk issues 245 august nineteen eighty seven,RETAIN — source-specific observation,Pre-1990 benchmark; not catalog MSRP.,2026-07-30
HAR-PR-0002,GTD-OBJ-0004,Haro,Invert,Complete bicycle,Aug 1987,219,USD,$219,Advertised retailer/mail-order price,United States publication context,Period retailer advertisement,Direct text/OCR; clear pair,MEDIUM-HIGH,https://previouspage.co.uk/issues/245-august-nineteen-eighty-seven,INDEX-ONLY,haro|invert|aug 1987|219|USD|https previouspage co uk issues 245 august nineteen eighty seven,RETAIN — source-specific observation,Pre-1990 benchmark; not catalog MSRP.,2026-07-30
HAR-PR-0003,GTD-OBJ-0004,Haro,Master,Complete bicycle,Aug 1987,309,USD,$309,Advertised retailer/mail-order price,United States publication context,Period retailer advertisement,Direct text/OCR; clear pair,MEDIUM-HIGH,https://previouspage.co.uk/issues/245-august-nineteen-eighty-seven,INDEX-ONLY,haro|master|aug 1987|309|USD|https previouspage co uk issues 245 august nineteen eighty seven,RETAIN — source-specific observation,Pre-1990 benchmark; not catalog MSRP.,2026-07-30
HAR-PR-0004,GTD-OBJ-0004,Haro,Team Master,Complete bicycle,Aug 1987,529,USD,$529,Advertised retailer/mail-order price,United States publication context,Period retailer advertisement,Direct text/OCR; clear pair,MEDIUM-HIGH,https://previouspage.co.uk/issues/245-august-nineteen-eighty-seven,INDEX-ONLY,haro|team master|aug 1987|529|USD|https previouspage co uk issues 245 august nineteen eighty seven,RETAIN — source-specific observation,Pre-1990 benchmark; not catalog MSRP.,2026-07-30
HAR-PR-0005,HAR-OBJ-0008,Haro/Fusion,1991 catalog mailer,Catalog / information pack,Nov 1991,2,USD,$2,Catalog request fee,United States,Period catalog mailer,Direct indexed text,HIGH,https://www.previouspage.co.uk/issues/131-november-nineteen-ninety-one,INDEX-ONLY,haro fusion|1991 catalog mailer|nov 1991|2|USD|https www previouspage co uk issues 131 november nineteen ninety one,RETAIN — source-specific observation,"Catalog fee, not product price.",2026-07-30
MB-PR-0001,MB-OBJ-0007,Mongoose,Californian full chromoly frame,Frame,1985,76.5,AUD-LIKELY,$76.50,Distributor price-list figure,Australia / Repco context,Collector summary of period distributor list,Transcribed public summary,MEDIUM,https://www.bloggingadeadhorse.com/hotfoot2.php,INDEX-ONLY,mongoose|californian full chromoly frame|1985|76.5|AUD-LIKELY|https www bloggingadeadhorse com hotfoot2 php,RETAIN — source-specific observation,Currency likely AUD; verify scan legend.,2026-07-30
MB-PR-0002,MB-OBJ-0007,Mongoose,Pro Class rims,Rims,1985,15.5,AUD-LIKELY,$15.50,Distributor price-list figure,Australia / Repco context,Collector summary of period distributor list,Transcribed public summary,MEDIUM,https://www.bloggingadeadhorse.com/hotfoot2.php,INDEX-ONLY,mongoose|pro class rims|1985|15.5|AUD-LIKELY|https www bloggingadeadhorse com hotfoot2 php,RETAIN — source-specific observation,Currency likely AUD; unit/pair basis requires scan.,2026-07-30
MB-PR-0003,MB-OBJ-0007,Mongoose,Pad set,Pad set,1985,5.65,AUD-LIKELY,$5.65,Distributor price-list figure,Australia / Repco context,Collector summary of period distributor list,Transcribed public summary,MEDIUM,https://www.bloggingadeadhorse.com/hotfoot2.php,INDEX-ONLY,mongoose|pad set|1985|5.65|AUD-LIKELY|https www bloggingadeadhorse com hotfoot2 php,RETAIN — source-specific observation,Currency likely AUD; exact set contents unresolved.,2026-07-30
MB-PR-0004,MB-OBJ-0010,Diamond Back,Silver Streak,Complete bicycle,Sep 1982,119.37,GBP,£119.37,Advertised retailer price,United Kingdom,Period retailer advertisement,Indexed text/OCR,MEDIUM,https://previouspage.co.uk/magazines/BMX%20Weekly/issues/213-september-nineteen-eighty-two,INDEX-ONLY,diamond back|silver streak|sep 1982|119.37|GBP|https previouspage co uk magazines bmx 20weekly issues 213 september nineteen eighty two,RETAIN — source-specific observation,OCR alignment should be visually checked before elevation.,2026-07-30
MB-PR-0005,MB-OBJ-0010,Diamond Back,Silver Streak,Complete bicycle,Jul 1983,195,GBP,£195,Advertised retailer price,United Kingdom,Period retailer advertisement,Direct indexed text,MEDIUM-HIGH,https://previouspage.co.uk/magazines/BMX%20Action%20Bike/issues/62-july-nineteen-eighty-three,INDEX-ONLY,diamond back|silver streak|jul 1983|195|GBP|https previouspage co uk magazines bmx 20action 20bike issues 62 july nineteen eighty three,RETAIN — source-specific observation,Separate seller/issue observation.,2026-07-30
MB-PR-0006,MB-OBJ-0010,Diamond Back,Silver Streak,Complete bicycle,Sep 1983,195,GBP,£195,Advertised retailer price,United Kingdom,Period retailer advertisement,Direct indexed text,MEDIUM-HIGH,https://previouspage.co.uk/magazines/BMX%20Action%20Bike/issues/64-september-nineteen-eighty-three,INDEX-ONLY,diamond back|silver streak|sep 1983|195|GBP|https previouspage co uk magazines bmx 20action 20bike issues 64 september nineteen eighty three,RETAIN — source-specific observation,Separate seller/issue observation.,2026-07-30
MB-PR-0007,MB-OBJ-0010,Diamond Back,Silver Streak,Complete bicycle,Oct 1983,199,GBP,£199,Advertised retailer price plus postage,United Kingdom,Period retailer advertisement,Direct indexed text,MEDIUM-HIGH,https://previouspage.co.uk/magazines/BMX%20Action%20Bike/issues/85-october-nineteen-eighty-three,INDEX-ONLY,diamond back|silver streak|oct 1983|199|GBP|https previouspage co uk magazines bmx 20action 20bike issues 85 october nineteen eighty three,RETAIN — source-specific observation,Postage excluded from numeric price.,2026-07-30
MB-PR-0008,MB-OBJ-0010,Diamond Back,Harry Leary Turbo,Complete bicycle,Oct 1983,299,GBP,£299,Advertised retailer price,United Kingdom,Period retailer advertisement,Direct indexed text,MEDIUM-HIGH,https://previouspage.co.uk/magazines/BMX%20Action%20Bike/issues/85-october-nineteen-eighty-three,INDEX-ONLY,diamond back|harry leary turbo|oct 1983|299|GBP|https previouspage co uk magazines bmx 20action 20bike issues 85 october nineteen eighty three,RETAIN — source-specific observation,Useful Lititz BMX crosswalk; not MSRP.,2026-07-30
