Claim ID,Claim Label,Displayed Value,Unit,Category,Counting Rule,Source Dataset,Publication Status,Limitations / Boundary,Zero-State Evidence,Detail URL,Correction URL,Recomputed Item Count,Reconciliation
PKR-CLM-001,Master source records,61,records,Core metric,Count every public Master ID in ephemera-register-v1.0.csv exactly once.,data/ephemera-register-v1.0.csv,READY,Source occurrences remain separate even when identity is merged at the canonical-object layer.,,https://article134-tech.github.io/lititzbmx-public-knowledge-register/claims/PKR-CLM-001/,https://github.com/Article134-tech/lititzbmx-public-knowledge-register/issues/new?template=record-correction.yml&title=Claim%20correction%3A%20PKR-CLM-001,61,MATCH
PKR-CLM-002,Estimated canonical objects,51,objects,Core metric,Count 41 unique records plus one identity for each of 10 reviewed duplicate groups.,data/canonical-objects-v1.0.csv,REVIEWED ESTIMATE,Identity merges are reviewed estimates; source occurrences remain visible and may later be separated if new evidence requires it.,,https://article134-tech.github.io/lititzbmx-public-knowledge-register/claims/PKR-CLM-002/,https://github.com/Article134-tech/lititzbmx-public-knowledge-register/issues/new?template=record-correction.yml&title=Claim%20correction%3A%20PKR-CLM-002,51,MATCH
PKR-CLM-003,Normalized price observations,38,observations,Core metric,Count every public Price Observation ID exactly once.,data/price-observations-v1.0.csv,READY,"Observations are source-specific and are not averaged, inflation-adjusted, or automatically treated as MSRP.",,https://article134-tech.github.io/lititzbmx-public-knowledge-register/claims/PKR-CLM-003/,https://github.com/Article134-tech/lititzbmx-public-knowledge-register/issues/new?template=record-correction.yml&title=Claim%20correction%3A%20PKR-CLM-003,38,MATCH
PKR-CLM-004,Registered source URLs,57,sources,Core metric,Count every stable Source ID in source-register-v1.0.csv exactly once.,data/source-register-v1.0.csv,READY,"A Source ID represents a registered URL, not necessarily one unique publication or one preserved capture.",,https://article134-tech.github.io/lititzbmx-public-knowledge-register/claims/PKR-CLM-004/,https://github.com/Article134-tech/lititzbmx-public-knowledge-register/issues/new?template=record-correction.yml&title=Claim%20correction%3A%20PKR-CLM-004,57,MATCH
PKR-CLM-005,Reviewed duplicate groups,10,groups,Core metric,Count each nonblank reviewed Duplicate Group once.,data/canonical-objects-v1.0.csv,REVIEWED,,,https://article134-tech.github.io/lititzbmx-public-knowledge-register/claims/PKR-CLM-005/,https://github.com/Article134-tech/lititzbmx-public-knowledge-register/issues/new?template=record-correction.yml&title=Claim%20correction%3A%20PKR-CLM-005,10,MATCH
PKR-CLM-006,Open or unresolved records,20,records,Core metric,"Include a record when Research Status contains OPEN, unresolved, or Lead (case-insensitive).",data/ephemera-register-v1.0.csv,OPEN,"This is a workflow-status count, not a claim that all other records are complete.",,https://article134-tech.github.io/lititzbmx-public-knowledge-register/claims/PKR-CLM-006/,https://github.com/Article134-tech/lititzbmx-public-knowledge-register/issues/new?template=record-correction.yml&title=Claim%20correction%3A%20PKR-CLM-006,20,MATCH
PKR-CLM-007,Copied historical source scans,0,scans,Core metric,"Count copied historical catalog, flyer, advertisement, or BMXMuseum scan files embedded in the deployment package.",release-manifest.json,VERIFIED ZERO,The package contains an approved Lititz BMX brand asset and generated design screenshots; those are not historical source scans.,Release-manifest file-type review; asset-directory review; validation report content-boundary check.,https://article134-tech.github.io/lititzbmx-public-knowledge-register/claims/PKR-CLM-007/,https://github.com/Article134-tech/lititzbmx-public-knowledge-register/issues/new?template=record-correction.yml&title=Claim%20correction%3A%20PKR-CLM-007,0,MATCH
PKR-CLM-008,Flyer and promotional records,12,records,Core metric,Count records whose Source Stage equals v0.9.,data/ephemera-register-v1.0.csv,READY,"This sequence-defined set includes events, dealers, teams, contests, mailers, tours, and promotions; it is not a claim of completeness.",,https://article134-tech.github.io/lititzbmx-public-knowledge-register/claims/PKR-CLM-008/,https://github.com/Article134-tech/lititzbmx-public-knowledge-register/issues/new?template=record-correction.yml&title=Claim%20correction%3A%20PKR-CLM-008,12,MATCH
PKR-CLM-009,Chronology rows,61,rows,Core metric,Count every public Chronology ID exactly once.,data/chronology-v1.0.csv,READY,Provisional and undated placements remain visible and are not converted into exact dates.,,https://article134-tech.github.io/lititzbmx-public-knowledge-register/claims/PKR-CLM-009/,https://github.com/Article134-tech/lititzbmx-public-knowledge-register/issues/new?template=record-correction.yml&title=Claim%20correction%3A%20PKR-CLM-009,61,MATCH
PKR-CLM-010,Exact BMXMuseum reference IDs,2,unique IDs,Core metric,Count unique nonblank Exact Reference ID values.,data/ephemera-register-v1.0.csv,READY,Three source records carry two unique reference IDs; title-only or inferred IDs are excluded.,,https://article134-tech.github.io/lititzbmx-public-knowledge-register/claims/PKR-CLM-010/,https://github.com/Article134-tech/lititzbmx-public-knowledge-register/issues/new?template=record-correction.yml&title=Claim%20correction%3A%20PKR-CLM-010,2,MATCH
PKR-CLM-011,Personal street addresses retained,0,addresses,Core metric,Count intentionally stored personal street addresses in the new public flyer/promotional record set.,data/ephemera-register-v1.0.csv,VERIFIED ZERO,Public business or venue locations may remain when historically necessary; this claim concerns unnecessary personal street addresses.,EPH-0057 explicitly records that the period personal street address was intentionally not stored; public-field scan completed.,https://article134-tech.github.io/lititzbmx-public-knowledge-register/claims/PKR-CLM-011/,https://github.com/Article134-tech/lititzbmx-public-knowledge-register/issues/new?template=record-correction.yml&title=Claim%20correction%3A%20PKR-CLM-011,0,MATCH
PKR-CLM-012,Ephemera sequence release-package files,6,files,Core metric,Count the six files stored at the root of the authoritative v0.6–v1.0 sequence ZIP.,downloads/Lititz_BMX_Ephemera_Sequence_v0.6-v1.0_Release_Package.zip,LOCKED,,,https://article134-tech.github.io/lititzbmx-public-knowledge-register/claims/PKR-CLM-012/,https://github.com/Article134-tech/lititzbmx-public-knowledge-register/issues/new?template=record-correction.yml&title=Claim%20correction%3A%20PKR-CLM-012,6,MATCH
PKR-CLM-013,Duplicate source occurrences,20,records,Core metric,Count every source record assigned to a reviewed Duplicate Group.,data/ephemera-register-v1.0.csv,REVIEWED,"These are retained source occurrences, not records deleted from the public set.",,https://article134-tech.github.io/lititzbmx-public-knowledge-register/claims/PKR-CLM-013/,https://github.com/Article134-tech/lititzbmx-public-knowledge-register/issues/new?template=record-correction.yml&title=Claim%20correction%3A%20PKR-CLM-013,20,MATCH
PKR-CLM-014,Workbook formula-error cells,0,cells,Core metric,Count cells containing standard spreadsheet formula-error values in the public claim-visible workbook.,docs/VALIDATION-REPORT.md,VERIFIED ZERO,This validates formula integrity only; it does not establish historical accuracy.,Workbook-wide formula-error pattern scan performed after export.,https://article134-tech.github.io/lititzbmx-public-knowledge-register/claims/PKR-CLM-014/,https://github.com/Article134-tech/lititzbmx-public-knowledge-register/issues/new?template=record-correction.yml&title=Claim%20correction%3A%20PKR-CLM-014,0,MATCH
PKR-CLM-015,Permanent source-record routes,61,routes,Core metric,Count one permanent /records/EPH-####/ route for each public Master ID.,data/ephemera-register-v1.0.csv,READY,,,https://article134-tech.github.io/lititzbmx-public-knowledge-register/claims/PKR-CLM-015/,https://github.com/Article134-tech/lititzbmx-public-knowledge-register/issues/new?template=record-correction.yml&title=Claim%20correction%3A%20PKR-CLM-015,61,MATCH
PKR-CLM-OT-001,Object type: Catalog,10,records,Object-type distribution,Count records whose Object Type exactly equals “Catalog”.,data/ephemera-register-v1.0.csv,READY,,,https://article134-tech.github.io/lititzbmx-public-knowledge-register/claims/PKR-CLM-OT-001/,https://github.com/Article134-tech/lititzbmx-public-knowledge-register/issues/new?template=record-correction.yml&title=Claim%20correction%3A%20PKR-CLM-OT-001,10,MATCH
PKR-CLM-OT-002,Object type: Magazine advertisement,7,records,Object-type distribution,Count records whose Object Type exactly equals “Magazine advertisement”.,data/ephemera-register-v1.0.csv,READY,,,https://article134-tech.github.io/lititzbmx-public-knowledge-register/claims/PKR-CLM-OT-002/,https://github.com/Article134-tech/lititzbmx-public-knowledge-register/issues/new?template=record-correction.yml&title=Claim%20correction%3A%20PKR-CLM-OT-002,7,MATCH
PKR-CLM-OT-003,Object type: Catalog model page,5,records,Object-type distribution,Count records whose Object Type exactly equals “Catalog model page”.,data/ephemera-register-v1.0.csv,READY,,,https://article134-tech.github.io/lititzbmx-public-knowledge-register/claims/PKR-CLM-OT-003/,https://github.com/Article134-tech/lititzbmx-public-knowledge-register/issues/new?template=record-correction.yml&title=Claim%20correction%3A%20PKR-CLM-OT-003,5,MATCH
PKR-CLM-OT-004,Object type: Catalog claim,2,records,Object-type distribution,Count records whose Object Type exactly equals “Catalog claim”.,data/ephemera-register-v1.0.csv,READY,,,https://article134-tech.github.io/lititzbmx-public-knowledge-register/claims/PKR-CLM-OT-004/,https://github.com/Article134-tech/lititzbmx-public-knowledge-register/issues/new?template=record-correction.yml&title=Claim%20correction%3A%20PKR-CLM-OT-004,2,MATCH
PKR-CLM-OT-005,Object type: Information-pack mailer,2,records,Object-type distribution,Count records whose Object Type exactly equals “Information-pack mailer”.,data/ephemera-register-v1.0.csv,READY,,,https://article134-tech.github.io/lititzbmx-public-knowledge-register/claims/PKR-CLM-OT-005/,https://github.com/Article134-tech/lititzbmx-public-knowledge-register/issues/new?template=record-correction.yml&title=Claim%20correction%3A%20PKR-CLM-OT-005,2,MATCH
PKR-CLM-OT-006,Object type: Manufacturer catalog,2,records,Object-type distribution,Count records whose Object Type exactly equals “Manufacturer catalog”.,data/ephemera-register-v1.0.csv,READY,,,https://article134-tech.github.io/lititzbmx-public-knowledge-register/claims/PKR-CLM-OT-006/,https://github.com/Article134-tech/lititzbmx-public-knowledge-register/issues/new?template=record-correction.yml&title=Claim%20correction%3A%20PKR-CLM-OT-006,2,MATCH
PKR-CLM-OT-007,Object type: Manufacturer/distributor catalog page,2,records,Object-type distribution,Count records whose Object Type exactly equals “Manufacturer/distributor catalog page”.,data/ephemera-register-v1.0.csv,READY,,,https://article134-tech.github.io/lititzbmx-public-knowledge-register/claims/PKR-CLM-OT-007/,https://github.com/Article134-tech/lititzbmx-public-knowledge-register/issues/new?template=record-correction.yml&title=Claim%20correction%3A%20PKR-CLM-OT-007,2,MATCH
PKR-CLM-OT-008,Object type: Retailer advertisement / price list,2,records,Object-type distribution,Count records whose Object Type exactly equals “Retailer advertisement / price list”.,data/ephemera-register-v1.0.csv,READY,,,https://article134-tech.github.io/lititzbmx-public-knowledge-register/claims/PKR-CLM-OT-008/,https://github.com/Article134-tech/lititzbmx-public-knowledge-register/issues/new?template=record-correction.yml&title=Claim%20correction%3A%20PKR-CLM-OT-008,2,MATCH
PKR-CLM-OT-009,Object type: Archive collection,1,records,Object-type distribution,Count records whose Object Type exactly equals “Archive collection”.,data/ephemera-register-v1.0.csv,READY,,,https://article134-tech.github.io/lititzbmx-public-knowledge-register/claims/PKR-CLM-OT-009/,https://github.com/Article134-tech/lititzbmx-public-knowledge-register/issues/new?template=record-correction.yml&title=Claim%20correction%3A%20PKR-CLM-OT-009,1,MATCH
PKR-CLM-OT-010,Object type: Catalog mailer,1,records,Object-type distribution,Count records whose Object Type exactly equals “Catalog mailer”.,data/ephemera-register-v1.0.csv,READY,,,https://article134-tech.github.io/lititzbmx-public-knowledge-register/claims/PKR-CLM-OT-010/,https://github.com/Article134-tech/lititzbmx-public-knowledge-register/issues/new?template=record-correction.yml&title=Claim%20correction%3A%20PKR-CLM-OT-010,1,MATCH
PKR-CLM-OT-011,Object type: Catalog mailer / advertisement,1,records,Object-type distribution,Count records whose Object Type exactly equals “Catalog mailer / advertisement”.,data/ephemera-register-v1.0.csv,READY,,,https://article134-tech.github.io/lititzbmx-public-knowledge-register/claims/PKR-CLM-OT-011/,https://github.com/Article134-tech/lititzbmx-public-knowledge-register/issues/new?template=record-correction.yml&title=Claim%20correction%3A%20PKR-CLM-OT-011,1,MATCH
PKR-CLM-OT-012,Object type: Catalog model list,1,records,Object-type distribution,Count records whose Object Type exactly equals “Catalog model list”.,data/ephemera-register-v1.0.csv,READY,,,https://article134-tech.github.io/lititzbmx-public-knowledge-register/claims/PKR-CLM-OT-012/,https://github.com/Article134-tech/lititzbmx-public-knowledge-register/issues/new?template=record-correction.yml&title=Claim%20correction%3A%20PKR-CLM-OT-012,1,MATCH
PKR-CLM-OT-013,Object type: Combined flyer / price-list set,1,records,Object-type distribution,Count records whose Object Type exactly equals “Combined flyer / price-list set”.,data/ephemera-register-v1.0.csv,READY,,,https://article134-tech.github.io/lititzbmx-public-knowledge-register/claims/PKR-CLM-OT-013/,https://github.com/Article134-tech/lititzbmx-public-knowledge-register/issues/new?template=record-correction.yml&title=Claim%20correction%3A%20PKR-CLM-OT-013,1,MATCH
PKR-CLM-OT-014,Object type: Component catalog,1,records,Object-type distribution,Count records whose Object Type exactly equals “Component catalog”.,data/ephemera-register-v1.0.csv,READY,,,https://article134-tech.github.io/lititzbmx-public-knowledge-register/claims/PKR-CLM-OT-014/,https://github.com/Article134-tech/lititzbmx-public-knowledge-register/issues/new?template=record-correction.yml&title=Claim%20correction%3A%20PKR-CLM-OT-014,1,MATCH
PKR-CLM-OT-015,Object type: Contest entry form,1,records,Object-type distribution,Count records whose Object Type exactly equals “Contest entry form”.,data/ephemera-register-v1.0.csv,READY,,,https://article134-tech.github.io/lititzbmx-public-knowledge-register/claims/PKR-CLM-OT-015/,https://github.com/Article134-tech/lititzbmx-public-knowledge-register/issues/new?template=record-correction.yml&title=Claim%20correction%3A%20PKR-CLM-OT-015,1,MATCH
PKR-CLM-OT-016,Object type: Contest entry form / promotion,1,records,Object-type distribution,Count records whose Object Type exactly equals “Contest entry form / promotion”.,data/ephemera-register-v1.0.csv,READY,,,https://article134-tech.github.io/lititzbmx-public-knowledge-register/claims/PKR-CLM-OT-016/,https://github.com/Article134-tech/lititzbmx-public-knowledge-register/issues/new?template=record-correction.yml&title=Claim%20correction%3A%20PKR-CLM-OT-016,1,MATCH
PKR-CLM-OT-017,Object type: Dealer advertisement / price-list lead,1,records,Object-type distribution,Count records whose Object Type exactly equals “Dealer advertisement / price-list lead”.,data/ephemera-register-v1.0.csv,READY,,,https://article134-tech.github.io/lititzbmx-public-knowledge-register/claims/PKR-CLM-OT-017/,https://github.com/Article134-tech/lititzbmx-public-knowledge-register/issues/new?template=record-correction.yml&title=Claim%20correction%3A%20PKR-CLM-OT-017,1,MATCH
PKR-CLM-OT-018,Object type: Dealer price list,1,records,Object-type distribution,Count records whose Object Type exactly equals “Dealer price list”.,data/ephemera-register-v1.0.csv,READY,,,https://article134-tech.github.io/lititzbmx-public-knowledge-register/claims/PKR-CLM-OT-018/,https://github.com/Article134-tech/lititzbmx-public-knowledge-register/issues/new?template=record-correction.yml&title=Claim%20correction%3A%20PKR-CLM-OT-018,1,MATCH
PKR-CLM-OT-019,Object type: Dealer price-list / sticker offer,1,records,Object-type distribution,Count records whose Object Type exactly equals “Dealer price-list / sticker offer”.,data/ephemera-register-v1.0.csv,READY,,,https://article134-tech.github.io/lititzbmx-public-knowledge-register/claims/PKR-CLM-OT-019/,https://github.com/Article134-tech/lititzbmx-public-knowledge-register/issues/new?template=record-correction.yml&title=Claim%20correction%3A%20PKR-CLM-OT-019,1,MATCH
PKR-CLM-OT-020,Object type: Dealer/shop advertisement,1,records,Object-type distribution,Count records whose Object Type exactly equals “Dealer/shop advertisement”.,data/ephemera-register-v1.0.csv,READY,,,https://article134-tech.github.io/lititzbmx-public-knowledge-register/claims/PKR-CLM-OT-020/,https://github.com/Article134-tech/lititzbmx-public-knowledge-register/issues/new?template=record-correction.yml&title=Claim%20correction%3A%20PKR-CLM-OT-020,1,MATCH
PKR-CLM-OT-021,Object type: Distributor price list,1,records,Object-type distribution,Count records whose Object Type exactly equals “Distributor price list”.,data/ephemera-register-v1.0.csv,READY,,,https://article134-tech.github.io/lititzbmx-public-knowledge-register/claims/PKR-CLM-OT-021/,https://github.com/Article134-tech/lititzbmx-public-knowledge-register/issues/new?template=record-correction.yml&title=Claim%20correction%3A%20PKR-CLM-OT-021,1,MATCH
PKR-CLM-OT-022,Object type: Event entry / pre-registration advertisement,1,records,Object-type distribution,Count records whose Object Type exactly equals “Event entry / pre-registration advertisement”.,data/ephemera-register-v1.0.csv,READY,,,https://article134-tech.github.io/lititzbmx-public-knowledge-register/claims/PKR-CLM-OT-022/,https://github.com/Article134-tech/lititzbmx-public-knowledge-register/issues/new?template=record-correction.yml&title=Claim%20correction%3A%20PKR-CLM-OT-022,1,MATCH
PKR-CLM-OT-023,Object type: Event flyer / trade-exhibition notice,1,records,Object-type distribution,Count records whose Object Type exactly equals “Event flyer / trade-exhibition notice”.,data/ephemera-register-v1.0.csv,READY,,,https://article134-tech.github.io/lititzbmx-public-knowledge-register/claims/PKR-CLM-OT-023/,https://github.com/Article134-tech/lititzbmx-public-knowledge-register/issues/new?template=record-correction.yml&title=Claim%20correction%3A%20PKR-CLM-OT-023,1,MATCH
PKR-CLM-OT-024,Object type: Event notice / contact flyer,1,records,Object-type distribution,Count records whose Object Type exactly equals “Event notice / contact flyer”.,data/ephemera-register-v1.0.csv,READY,,,https://article134-tech.github.io/lititzbmx-public-knowledge-register/claims/PKR-CLM-OT-024/,https://github.com/Article134-tech/lititzbmx-public-knowledge-register/issues/new?template=record-correction.yml&title=Claim%20correction%3A%20PKR-CLM-OT-024,1,MATCH
PKR-CLM-OT-025,Object type: Event prize promotion,1,records,Object-type distribution,Count records whose Object Type exactly equals “Event prize promotion”.,data/ephemera-register-v1.0.csv,READY,,,https://article134-tech.github.io/lititzbmx-public-knowledge-register/claims/PKR-CLM-OT-025/,https://github.com/Article134-tech/lititzbmx-public-knowledge-register/issues/new?template=record-correction.yml&title=Claim%20correction%3A%20PKR-CLM-OT-025,1,MATCH
PKR-CLM-OT-026,Object type: Event registration coupon,1,records,Object-type distribution,Count records whose Object Type exactly equals “Event registration coupon”.,data/ephemera-register-v1.0.csv,READY,,,https://article134-tech.github.io/lititzbmx-public-knowledge-register/claims/PKR-CLM-OT-026/,https://github.com/Article134-tech/lititzbmx-public-knowledge-register/issues/new?template=record-correction.yml&title=Claim%20correction%3A%20PKR-CLM-OT-026,1,MATCH
PKR-CLM-OT-027,Object type: Factory-team history,1,records,Object-type distribution,Count records whose Object Type exactly equals “Factory-team history”.,data/ephemera-register-v1.0.csv,READY,,,https://article134-tech.github.io/lititzbmx-public-knowledge-register/claims/PKR-CLM-OT-027/,https://github.com/Article134-tech/lititzbmx-public-knowledge-register/issues/new?template=record-correction.yml&title=Claim%20correction%3A%20PKR-CLM-OT-027,1,MATCH
PKR-CLM-OT-028,Object type: Model archive,1,records,Object-type distribution,Count records whose Object Type exactly equals “Model archive”.,data/ephemera-register-v1.0.csv,READY,,,https://article134-tech.github.io/lititzbmx-public-knowledge-register/claims/PKR-CLM-OT-028/,https://github.com/Article134-tech/lititzbmx-public-knowledge-register/issues/new?template=record-correction.yml&title=Claim%20correction%3A%20PKR-CLM-OT-028,1,MATCH
PKR-CLM-OT-029,Object type: Product announcement / kit,1,records,Object-type distribution,Count records whose Object Type exactly equals “Product announcement / kit”.,data/ephemera-register-v1.0.csv,READY,,,https://article134-tech.github.io/lititzbmx-public-knowledge-register/claims/PKR-CLM-OT-029/,https://github.com/Article134-tech/lititzbmx-public-knowledge-register/issues/new?template=record-correction.yml&title=Claim%20correction%3A%20PKR-CLM-OT-029,1,MATCH
PKR-CLM-OT-030,Object type: Product catalog,1,records,Object-type distribution,Count records whose Object Type exactly equals “Product catalog”.,data/ephemera-register-v1.0.csv,READY,,,https://article134-tech.github.io/lititzbmx-public-knowledge-register/claims/PKR-CLM-OT-030/,https://github.com/Article134-tech/lititzbmx-public-knowledge-register/issues/new?template=record-correction.yml&title=Claim%20correction%3A%20PKR-CLM-OT-030,1,MATCH
PKR-CLM-OT-031,Object type: Product literature,1,records,Object-type distribution,Count records whose Object Type exactly equals “Product literature”.,data/ephemera-register-v1.0.csv,READY,,,https://article134-tech.github.io/lititzbmx-public-knowledge-register/claims/PKR-CLM-OT-031/,https://github.com/Article134-tech/lititzbmx-public-knowledge-register/issues/new?template=record-correction.yml&title=Claim%20correction%3A%20PKR-CLM-OT-031,1,MATCH
PKR-CLM-OT-032,Object type: Product-history object,1,records,Object-type distribution,Count records whose Object Type exactly equals “Product-history object”.,data/ephemera-register-v1.0.csv,READY,,,https://article134-tech.github.io/lititzbmx-public-knowledge-register/claims/PKR-CLM-OT-032/,https://github.com/Article134-tech/lititzbmx-public-knowledge-register/issues/new?template=record-correction.yml&title=Claim%20correction%3A%20PKR-CLM-OT-032,1,MATCH
PKR-CLM-OT-033,Object type: Promotional announcement / naming contest,1,records,Object-type distribution,Count records whose Object Type exactly equals “Promotional announcement / naming contest”.,data/ephemera-register-v1.0.csv,READY,,,https://article134-tech.github.io/lititzbmx-public-knowledge-register/claims/PKR-CLM-OT-033/,https://github.com/Article134-tech/lititzbmx-public-knowledge-register/issues/new?template=record-correction.yml&title=Claim%20correction%3A%20PKR-CLM-OT-033,1,MATCH
PKR-CLM-OT-034,Object type: Rider/model naming history,1,records,Object-type distribution,Count records whose Object Type exactly equals “Rider/model naming history”.,data/ephemera-register-v1.0.csv,READY,,,https://article134-tech.github.io/lititzbmx-public-knowledge-register/claims/PKR-CLM-OT-034/,https://github.com/Article134-tech/lititzbmx-public-knowledge-register/issues/new?template=record-correction.yml&title=Claim%20correction%3A%20PKR-CLM-OT-034,1,MATCH
PKR-CLM-OT-035,Object type: Team advertisement,1,records,Object-type distribution,Count records whose Object Type exactly equals “Team advertisement”.,data/ephemera-register-v1.0.csv,READY,,,https://article134-tech.github.io/lititzbmx-public-knowledge-register/claims/PKR-CLM-OT-035/,https://github.com/Article134-tech/lititzbmx-public-knowledge-register/issues/new?template=record-correction.yml&title=Claim%20correction%3A%20PKR-CLM-OT-035,1,MATCH
PKR-CLM-OT-036,Object type: Team/product advertisement,1,records,Object-type distribution,Count records whose Object Type exactly equals “Team/product advertisement”.,data/ephemera-register-v1.0.csv,READY,,,https://article134-tech.github.io/lititzbmx-public-knowledge-register/claims/PKR-CLM-OT-036/,https://github.com/Article134-tech/lititzbmx-public-knowledge-register/issues/new?template=record-correction.yml&title=Claim%20correction%3A%20PKR-CLM-OT-036,1,MATCH
PKR-CLM-OT-037,Object type: Tour promotion / route notice,1,records,Object-type distribution,Count records whose Object Type exactly equals “Tour promotion / route notice”.,data/ephemera-register-v1.0.csv,READY,,,https://article134-tech.github.io/lititzbmx-public-knowledge-register/claims/PKR-CLM-OT-037/,https://github.com/Article134-tech/lititzbmx-public-knowledge-register/issues/new?template=record-correction.yml&title=Claim%20correction%3A%20PKR-CLM-OT-037,1,MATCH
PKR-CLM-DECADE-1970S,Chronology decade: 1970s,19,records,Decade distribution,Count records whose Start Year maps to 1970s; blank or non-four-digit values map to Undated.,data/ephemera-register-v1.0.csv,READY,This is a start-year grouping; date ranges can extend beyond the displayed decade.,,https://article134-tech.github.io/lititzbmx-public-knowledge-register/claims/PKR-CLM-DECADE-1970S/,https://github.com/Article134-tech/lititzbmx-public-knowledge-register/issues/new?template=record-correction.yml&title=Claim%20correction%3A%20PKR-CLM-DECADE-1970S,19,MATCH
PKR-CLM-DECADE-1980S,Chronology decade: 1980s,23,records,Decade distribution,Count records whose Start Year maps to 1980s; blank or non-four-digit values map to Undated.,data/ephemera-register-v1.0.csv,READY,This is a start-year grouping; date ranges can extend beyond the displayed decade.,,https://article134-tech.github.io/lititzbmx-public-knowledge-register/claims/PKR-CLM-DECADE-1980S/,https://github.com/Article134-tech/lititzbmx-public-knowledge-register/issues/new?template=record-correction.yml&title=Claim%20correction%3A%20PKR-CLM-DECADE-1980S,23,MATCH
PKR-CLM-DECADE-1990S,Chronology decade: 1990s,17,records,Decade distribution,Count records whose Start Year maps to 1990s; blank or non-four-digit values map to Undated.,data/ephemera-register-v1.0.csv,READY,This is a start-year grouping; date ranges can extend beyond the displayed decade.,,https://article134-tech.github.io/lititzbmx-public-knowledge-register/claims/PKR-CLM-DECADE-1990S/,https://github.com/Article134-tech/lititzbmx-public-knowledge-register/issues/new?template=record-correction.yml&title=Claim%20correction%3A%20PKR-CLM-DECADE-1990S,17,MATCH
PKR-CLM-DECADE-2020S,Chronology decade: 2020s,1,records,Decade distribution,Count records whose Start Year maps to 2020s; blank or non-four-digit values map to Undated.,data/ephemera-register-v1.0.csv,READY,This is a start-year grouping; date ranges can extend beyond the displayed decade.,,https://article134-tech.github.io/lititzbmx-public-knowledge-register/claims/PKR-CLM-DECADE-2020S/,https://github.com/Article134-tech/lititzbmx-public-knowledge-register/issues/new?template=record-correction.yml&title=Claim%20correction%3A%20PKR-CLM-DECADE-2020S,1,MATCH
PKR-CLM-DECADE-UNDATED,Chronology decade: Undated,1,records,Decade distribution,Count records whose Start Year maps to Undated; blank or non-four-digit values map to Undated.,data/ephemera-register-v1.0.csv,READY,This is a start-year grouping; date ranges can extend beyond the displayed decade.,,https://article134-tech.github.io/lititzbmx-public-knowledge-register/claims/PKR-CLM-DECADE-UNDATED/,https://github.com/Article134-tech/lititzbmx-public-knowledge-register/issues/new?template=record-correction.yml&title=Claim%20correction%3A%20PKR-CLM-DECADE-UNDATED,1,MATCH
