Source ID,URL,Register Record Count,Register Record IDs,Price Observation Count,Price Observation IDs,Total Uses,Published Count,Count Reconciliation,Detail URL
SRC-001,https://archive.harobikes.com/,1,EPH-0004,0,,1,1,MATCH,https://article134-tech.github.io/lititzbmx-public-knowledge-register/sources/SRC-001/
SRC-002,https://archive.harobikes.com/bmx,7,EPH-0023 | EPH-0024 | EPH-0025 | EPH-0027 | EPH-0028 | EPH-0029 | EPH-0030,0,,7,7,MATCH,https://article134-tech.github.io/lititzbmx-public-knowledge-register/sources/SRC-002/
SRC-003,https://bmxmuseum.com/bikes/redline/,1,EPH-0010,0,,1,1,MATCH,https://article134-tech.github.io/lititzbmx-public-knowledge-register/sources/SRC-003/
SRC-004,https://bmxmuseum.com/reference/1911,1,EPH-0007,0,,1,1,MATCH,https://article134-tech.github.io/lititzbmx-public-knowledge-register/sources/SRC-004/
SRC-005,https://bmxmuseum.com/reference/5027,4,EPH-0006 | EPH-0031 | EPH-0032 | EPH-0033,0,,4,4,MATCH,https://article134-tech.github.io/lititzbmx-public-knowledge-register/sources/SRC-005/
SRC-006,https://edwardkoenning.blogspot.com/2012/09/,1,EPH-0008,0,,1,1,MATCH,https://article134-tech.github.io/lititzbmx-public-knowledge-register/sources/SRC-006/
SRC-007,https://in.pinterest.com/pin/1011550766308215575/,2,EPH-0002 | EPH-0017,0,,2,2,MATCH,https://article134-tech.github.io/lititzbmx-public-knowledge-register/sources/SRC-007/
SRC-008,https://jmcbmx.wordpress.com/2010/02/03/81-jmc-factory-team-advertisement/,1,EPH-0015,0,,1,1,MATCH,https://article134-tech.github.io/lititzbmx-public-knowledge-register/sources/SRC-008/
SRC-009,https://jmcbmx.wordpress.com/2010/02/03/april-1981-advertisement/,1,EPH-0014,0,,1,1,MATCH,https://article134-tech.github.io/lititzbmx-public-knowledge-register/sources/SRC-009/
SRC-010,https://jmcbmx.wordpress.com/2010/02/03/july-1979-advertisement/,1,EPH-0013,0,,1,1,MATCH,https://article134-tech.github.io/lititzbmx-public-knowledge-register/sources/SRC-010/
SRC-011,https://jmcbmx.wordpress.com/about/,1,EPH-0016,0,,1,1,MATCH,https://article134-tech.github.io/lititzbmx-public-knowledge-register/sources/SRC-011/
SRC-012,https://jmcbmx.wordpress.com/page/3/,3,EPH-0013 | EPH-0014 | EPH-0015,0,,3,3,MATCH,https://article134-tech.github.io/lititzbmx-public-knowledge-register/sources/SRC-012/
SRC-013,https://mx.pinterest.com/pin/430304939389697467/,0,,2,BM-PRICE-0003 | GTD-PR-0002,2,2,MATCH,https://article134-tech.github.io/lititzbmx-public-knowledge-register/sources/SRC-013/
SRC-014,https://previouspage.co.uk/issues/245-august-nineteen-eighty-seven,3,EPH-0020 | EPH-0022 | EPH-0053,19,GTD-PR-0003 | GTD-PR-0004 | GTD-PR-0005 | GTD-PR-0006 | GTD-PR-0007 | GTD-PR-0008 | GTD-PR-0009 | GTD-PR-0010 | GTD-PR-0011 | GTD-PR-0012 | GTD-PR-0013 | GTD-PR-0014 | GTD-PR-0015 | GTD-PR-0016 | GTD-PR-0017 | HAR-PR-0001 | HAR-PR-0002 | HAR-PR-0003 | HAR-PR-0004,22,22,MATCH,https://article134-tech.github.io/lititzbmx-public-knowledge-register/sources/SRC-014/
SRC-015,https://previouspage.co.uk/magazines/BMX%20Action%20Bike/issues/13-april%2Fmay-eighty-two,22,EPH-0045 | EPH-0046 | EPH-0054 | EPH-0062 | EPH-0063 | EPH-0064 | EPH-0065 | EPH-0066 | EPH-0067 | EPH-0068 | EPH-0069 | EPH-0070 | EPH-0071 | EPH-0072 | EPH-0073 | EPH-0074 | EPH-0075 | EPH-0076 | EPH-0077 | EPH-0078 | EPH-0079 | EPH-0080,21,ABMX-PR-0001 | ABMX-PR-0002 | ABMX-PR-0003 | ABMX-PR-0004 | ABMX-PR-0005 | ABMX-PR-0006 | ABMX-PR-0007 | ABMX-PR-0008 | ABMX-PR-0009 | ABMX-PR-0010 | ABMX-PR-0011 | ABMX-PR-0012 | ABMX-PR-0013 | ABMX-PR-0014 | ABMX-PR-0015 | ABMX-PR-0016 | ABMX-PR-0017 | ABMX-PR-0018 | ABMX-PR-0019 | ABMX-PR-0020 | ABMX-PR-0021,43,43,MATCH,https://article134-tech.github.io/lititzbmx-public-knowledge-register/sources/SRC-015/
SRC-016,https://previouspage.co.uk/magazines/BMX%20Action%20Bike/issues/25-october%2Fnovember-eighty-two,30,EPH-0045 | EPH-0137 | EPH-0138 | EPH-0139 | EPH-0140 | EPH-0141 | EPH-0142 | EPH-0143 | EPH-0144 | EPH-0145 | EPH-0146 | EPH-0147 | EPH-0148 | EPH-0149 | EPH-0150 | EPH-0151 | EPH-0152 | EPH-0153 | EPH-0154 | EPH-0155 | EPH-0156 | EPH-0157 | EPH-0158 | EPH-0159 | EPH-0160 | EPH-0161 | EPH-0162 | EPH-0163 | EPH-0164 | EPH-0165,7,ABMX-PR-0035 | ABMX-PR-0036 | ABMX-PR-0037 | ABMX-PR-0038 | ABMX-PR-0039 | ABMX-PR-0040 | ABMX-PR-0041,37,37,MATCH,https://article134-tech.github.io/lititzbmx-public-knowledge-register/sources/SRC-016/
SRC-017,https://previouspage.co.uk/magazines/BMX%20Action%20Bike/issues/57-august%2Fseptember-eighty-two,29,EPH-0046 | EPH-0109 | EPH-0110 | EPH-0111 | EPH-0112 | EPH-0113 | EPH-0114 | EPH-0115 | EPH-0116 | EPH-0117 | EPH-0118 | EPH-0119 | EPH-0120 | EPH-0121 | EPH-0122 | EPH-0123 | EPH-0124 | EPH-0125 | EPH-0126 | EPH-0127 | EPH-0128 | EPH-0129 | EPH-0130 | EPH-0131 | EPH-0132 | EPH-0133 | EPH-0134 | EPH-0135 | EPH-0136,7,ABMX-PR-0028 | ABMX-PR-0029 | ABMX-PR-0030 | ABMX-PR-0031 | ABMX-PR-0032 | ABMX-PR-0033 | ABMX-PR-0034,36,36,MATCH,https://article134-tech.github.io/lititzbmx-public-knowledge-register/sources/SRC-017/
SRC-018,https://previouspage.co.uk/magazines/BMX%20Action%20Bike/issues/58-december%2Fjanuary-eighty-two,30,EPH-0051 | EPH-0059 | EPH-0166 | EPH-0167 | EPH-0168 | EPH-0169 | EPH-0170 | EPH-0171 | EPH-0172 | EPH-0173 | EPH-0174 | EPH-0175 | EPH-0176 | EPH-0177 | EPH-0178 | EPH-0179 | EPH-0180 | EPH-0181 | EPH-0182 | EPH-0183 | EPH-0184 | EPH-0185 | EPH-0186 | EPH-0187 | EPH-0188 | EPH-0189 | EPH-0190 | EPH-0191 | EPH-0192 | EPH-0193,8,ABMX-PR-0042 | ABMX-PR-0043 | ABMX-PR-0044 | ABMX-PR-0045 | ABMX-PR-0046 | ABMX-PR-0047 | ABMX-PR-0048 | ABMX-PR-0049,38,38,MATCH,https://article134-tech.github.io/lititzbmx-public-knowledge-register/sources/SRC-018/
SRC-019,https://previouspage.co.uk/magazines/BMX%20Action%20Bike/issues/62-july-nineteen-eighty-three,0,,1,MB-PR-0005,1,1,MATCH,https://article134-tech.github.io/lititzbmx-public-knowledge-register/sources/SRC-019/
SRC-020,https://previouspage.co.uk/magazines/BMX%20Action%20Bike/issues/64-september-nineteen-eighty-three,1,EPH-0050,1,MB-PR-0006,2,2,MATCH,https://article134-tech.github.io/lititzbmx-public-knowledge-register/sources/SRC-020/
SRC-021,https://previouspage.co.uk/magazines/BMX%20Action%20Bike/issues/85-october-nineteen-eighty-three,1,EPH-0061,2,MB-PR-0007 | MB-PR-0008,3,3,MATCH,https://article134-tech.github.io/lititzbmx-public-knowledge-register/sources/SRC-021/
SRC-022,https://previouspage.co.uk/magazines/BMX%20Action%20Bike/issues/87-december%20%2F%20january-eighty-three,1,EPH-0060,0,,1,1,MATCH,https://article134-tech.github.io/lititzbmx-public-knowledge-register/sources/SRC-022/
SRC-023,https://previouspage.co.uk/magazines/BMX%20Plus/issues/243-may-nineteen-eighty-seven,1,EPH-0057,0,,1,1,MATCH,https://article134-tech.github.io/lititzbmx-public-knowledge-register/sources/SRC-023/
SRC-024,https://previouspage.co.uk/magazines/BMX%20Plus/issues/244-july-nineteen-eighty-seven,3,EPH-0021 | EPH-0052 | EPH-0058,4,GTD-PR-0018 | GTD-PR-0019 | GTD-PR-0020 | GTD-PR-0021,7,7,MATCH,https://article134-tech.github.io/lititzbmx-public-knowledge-register/sources/SRC-024/
SRC-025,https://previouspage.co.uk/magazines/BMX%20Weekly/issues/213-september-nineteen-eighty-two,1,EPH-0056,1,MB-PR-0004,2,2,MATCH,https://article134-tech.github.io/lititzbmx-public-knowledge-register/sources/SRC-025/
SRC-026,https://storage.googleapis.com/dioyjtkukhpqse/haro-bmx-catalog.html,1,EPH-0004,0,,1,1,MATCH,https://article134-tech.github.io/lititzbmx-public-knowledge-register/sources/SRC-026/
SRC-027,https://thecabe.com/forum/threads/ashtabula-fork-identification-help.253603/,4,EPH-0006 | EPH-0031 | EPH-0032 | EPH-0033,0,,4,4,MATCH,https://article134-tech.github.io/lititzbmx-public-knowledge-register/sources/SRC-027/
SRC-028,https://torkerracing.com/blogs/news/torker-bmx-number-one-team-in-america,1,EPH-0049,0,,1,1,MATCH,https://article134-tech.github.io/lititzbmx-public-knowledge-register/sources/SRC-028/
SRC-029,https://torkerracing.com/pages/the-fullerton-era-torker-bmx-history,3,EPH-0009 | EPH-0047 | EPH-0048,0,,3,3,MATCH,https://article134-tech.github.io/lititzbmx-public-knowledge-register/sources/SRC-029/
SRC-030,https://torkerracing.com/pages/torker-bmx-hall-of-fame,1,EPH-0049,0,,1,1,MATCH,https://article134-tech.github.io/lititzbmx-public-knowledge-register/sources/SRC-030/
SRC-031,https://torkerracing.com/pages/torker-bmx-models,2,EPH-0047 | EPH-0048,0,,2,2,MATCH,https://article134-tech.github.io/lititzbmx-public-knowledge-register/sources/SRC-031/
SRC-032,https://www.bloggingadeadhorse.com/hotfoot2.php,1,EPH-0042,3,MB-PR-0001 | MB-PR-0002 | MB-PR-0003,4,4,MATCH,https://article134-tech.github.io/lititzbmx-public-knowledge-register/sources/SRC-032/
SRC-033,https://www.bmx-catalogue.com/advanced-search.html,1,EPH-0029,0,,1,1,MATCH,https://article134-tech.github.io/lititzbmx-public-knowledge-register/sources/SRC-033/
SRC-034,https://www.bmx-catalogue.com/haro/mid-school/1990/group-1a.html,1,EPH-0024,0,,1,1,MATCH,https://article134-tech.github.io/lititzbmx-public-knowledge-register/sources/SRC-034/
SRC-035,https://www.bmx-catalogue.com/haro/mid-school/1990/group-1b.html,1,EPH-0025,0,,1,1,MATCH,https://article134-tech.github.io/lititzbmx-public-knowledge-register/sources/SRC-035/
SRC-036,https://www.bmx-catalogue.com/haro/mid-school/1990/group-1c.html,1,EPH-0026,0,,1,1,MATCH,https://article134-tech.github.io/lititzbmx-public-knowledge-register/sources/SRC-036/
SRC-037,https://www.bmx-catalogue.com/haro/mid-school/1990/invert.html,1,EPH-0028,0,,1,1,MATCH,https://article134-tech.github.io/lititzbmx-public-knowledge-register/sources/SRC-037/
SRC-038,https://www.bmx-catalogue.com/haro/mid-school/1990/master.html,1,EPH-0027,0,,1,1,MATCH,https://article134-tech.github.io/lititzbmx-public-knowledge-register/sources/SRC-038/
SRC-039,https://www.bmx-catalogue.com/haro/mid-school/1990/model.html,2,EPH-0023 | EPH-0026,0,,2,2,MATCH,https://article134-tech.github.io/lititzbmx-public-knowledge-register/sources/SRC-039/
SRC-040,https://www.facebook.com/groups/553888658024748/posts/27080185384968381/,2,EPH-0011 | EPH-0012,1,BM-PRICE-0004,3,3,MATCH,https://article134-tech.github.io/lititzbmx-public-knowledge-register/sources/SRC-040/
SRC-041,https://www.pinterest.com/pin/430304939389697452/,1,EPH-0017,2,BM-PRICE-0002 | GTD-PR-0001,3,3,MATCH,https://article134-tech.github.io/lititzbmx-public-knowledge-register/sources/SRC-041/
SRC-042,https://www.pinterest.com/pin/bmxmuseumcom-reference-1987-diacompe-182-aerial-brake-lever--731623901972849898/,1,EPH-0005,0,,1,1,MATCH,https://article134-tech.github.io/lititzbmx-public-knowledge-register/sources/SRC-042/
SRC-043,https://www.pinterest.com/pin/bmxmuseumcom-reference-1996-gtdyno-the-bmx-freestyle-catalog--491877590560035755/,2,EPH-0001 | EPH-0018,0,,2,2,MATCH,https://article134-tech.github.io/lititzbmx-public-knowledge-register/sources/SRC-043/
SRC-044,https://www.pinterest.com/pin/bmxmuseumcom-reference-1999-gtdyno-bmxfreestyle-part-2-in-2025--798192733998105769/,2,EPH-0003 | EPH-0019,0,,2,2,MATCH,https://article134-tech.github.io/lititzbmx-public-knowledge-register/sources/SRC-044/
SRC-045,https://www.pinterest.com/pin/jmc-bmx-fliers-and-price-list--442478732119429034/,1,EPH-0011,1,BM-PRICE-0001,2,2,MATCH,https://article134-tech.github.io/lititzbmx-public-knowledge-register/sources/SRC-045/
SRC-046,https://www.previouspage.co.uk/issues/131-november-nineteen-ninety-one,2,EPH-0030 | EPH-0055,1,HAR-PR-0005,3,3,MATCH,https://article134-tech.github.io/lititzbmx-public-knowledge-register/sources/SRC-046/
SRC-047,https://www.radbmx.co.uk/forum/index.php?topic=181254.0,1,EPH-0007,0,,1,1,MATCH,https://article134-tech.github.io/lititzbmx-public-knowledge-register/sources/SRC-047/
SRC-048,https://www.redlinevintagebmx.com/redline-history,2,EPH-0036 | EPH-0037,0,,2,2,MATCH,https://article134-tech.github.io/lititzbmx-public-knowledge-register/sources/SRC-048/
SRC-049,https://www.redlinevintagebmx.com/the-rl-40-project,1,EPH-0038,0,,1,1,MATCH,https://article134-tech.github.io/lititzbmx-public-knowledge-register/sources/SRC-049/
SRC-050,https://www.sebikes.com/blogs/news/classic-1,1,EPH-0044,0,,1,1,MATCH,https://article134-tech.github.io/lititzbmx-public-knowledge-register/sources/SRC-050/
SRC-051,https://www.sebikes.com/blogs/news/elite-race-series,1,EPH-0043,0,,1,1,MATCH,https://article134-tech.github.io/lititzbmx-public-knowledge-register/sources/SRC-051/
SRC-052,https://www.sebikes.com/pages/perry-kramer,2,EPH-0043 | EPH-0044,0,,2,2,MATCH,https://article134-tech.github.io/lititzbmx-public-knowledge-register/sources/SRC-052/
SRC-053,https://www.usabmx.com/news-and-media/6/2012-05-10/National-BMX-Hall-of-Fame-2012-Inductees-Announced?id=580,2,EPH-0010 | EPH-0037,0,,2,2,MATCH,https://article134-tech.github.io/lititzbmx-public-knowledge-register/sources/SRC-053/
SRC-054,https://www.vintagemongoose.com/,2,EPH-0039 | EPH-0042,0,,2,2,MATCH,https://article134-tech.github.io/lititzbmx-public-knowledge-register/sources/SRC-054/
SRC-055,https://www.vintagemongoose.com/info/catalogs.php,5,EPH-0034 | EPH-0035 | EPH-0039 | EPH-0040 | EPH-0041,0,,5,5,MATCH,https://article134-tech.github.io/lititzbmx-public-knowledge-register/sources/SRC-055/
SRC-056,https://www.vintagemongoose.com/pdfs/mongoose_cat76-77.pdf,2,EPH-0035 | EPH-0040,0,,2,2,MATCH,https://article134-tech.github.io/lititzbmx-public-knowledge-register/sources/SRC-056/
SRC-057,https://www.vintagemongoose.com/pdfs/mongoose_cat79-80.pdf,2,EPH-0034 | EPH-0041,0,,2,2,MATCH,https://article134-tech.github.io/lititzbmx-public-knowledge-register/sources/SRC-057/
SRC-058,https://previouspage.co.uk/magazines/BMX%20Action%20Bike/issues/14-june%2Fjuly-eighty-two,28,EPH-0081 | EPH-0082 | EPH-0083 | EPH-0084 | EPH-0085 | EPH-0086 | EPH-0087 | EPH-0088 | EPH-0089 | EPH-0090 | EPH-0091 | EPH-0092 | EPH-0093 | EPH-0094 | EPH-0095 | EPH-0096 | EPH-0097 | EPH-0098 | EPH-0099 | EPH-0100 | EPH-0101 | EPH-0102 | EPH-0103 | EPH-0104 | EPH-0105 | EPH-0106 | EPH-0107 | EPH-0108,6,ABMX-PR-0022 | ABMX-PR-0023 | ABMX-PR-0024 | ABMX-PR-0025 | ABMX-PR-0026 | ABMX-PR-0027,34,34,MATCH,https://article134-tech.github.io/lititzbmx-public-knowledge-register/sources/SRC-058/
SRC-059,https://previouspage.co.uk/magazines/BMX%20Action%20Bike/issues/59-february%2Fmarch-eighty-three,28,EPH-0194 | EPH-0195 | EPH-0196 | EPH-0197 | EPH-0198 | EPH-0199 | EPH-0200 | EPH-0201 | EPH-0202 | EPH-0203 | EPH-0204 | EPH-0205 | EPH-0206 | EPH-0207 | EPH-0208 | EPH-0209 | EPH-0210 | EPH-0211 | EPH-0212 | EPH-0213 | EPH-0214 | EPH-0215 | EPH-0216 | EPH-0217 | EPH-0218 | EPH-0219 | EPH-0220 | EPH-0221,5,ABMX-PR-0050 | ABMX-PR-0051 | ABMX-PR-0052 | ABMX-PR-0053 | ABMX-PR-0054,33,33,MATCH,https://article134-tech.github.io/lititzbmx-public-knowledge-register/sources/SRC-059/
SRC-060,https://previouspage.co.uk/magazines/BMX%20Action%20Bike/issues/60-april%2Fmay-eighty-three,29,EPH-0222 | EPH-0223 | EPH-0224 | EPH-0225 | EPH-0226 | EPH-0227 | EPH-0228 | EPH-0229 | EPH-0230 | EPH-0231 | EPH-0232 | EPH-0233 | EPH-0234 | EPH-0235 | EPH-0236 | EPH-0237 | EPH-0238 | EPH-0239 | EPH-0240 | EPH-0241 | EPH-0242 | EPH-0243 | EPH-0244 | EPH-0245 | EPH-0246 | EPH-0247 | EPH-0248 | EPH-0249 | EPH-0250,9,ABMX-PR-0055 | ABMX-PR-0056 | ABMX-PR-0057 | ABMX-PR-0058 | ABMX-PR-0059 | ABMX-PR-0060 | ABMX-PR-0061 | ABMX-PR-0062 | ABMX-PR-0063,38,38,MATCH,https://article134-tech.github.io/lititzbmx-public-knowledge-register/sources/SRC-060/
SRC-061,https://previouspage.co.uk/magazines/BMX%20Action%20Bike/issues/61-june-nineteen-eighty-three,45,EPH-0251 | EPH-0252 | EPH-0253 | EPH-0254 | EPH-0255 | EPH-0256 | EPH-0257 | EPH-0258 | EPH-0259 | EPH-0260 | EPH-0261 | EPH-0262 | EPH-0263 | EPH-0264 | EPH-0265 | EPH-0266 | EPH-0267 | EPH-0268 | EPH-0269 | EPH-0270 | EPH-0271 | EPH-0272 | EPH-0273 | EPH-0274 | EPH-0275 | EPH-0276 | EPH-0277 | EPH-0278 | EPH-0279 | EPH-0280 | EPH-0281 | EPH-0282 | EPH-0283 | EPH-0284 | EPH-0285 | EPH-0286 | EPH-0287 | EPH-0288 | EPH-0289 | EPH-0290 | EPH-0291 | EPH-0292 | EPH-0293 | EPH-0294 | EPH-0295,38,ABMX-PR-0064 | ABMX-PR-0065 | ABMX-PR-0066 | ABMX-PR-0067 | ABMX-PR-0068 | ABMX-PR-0069 | ABMX-PR-0070 | ABMX-PR-0071 | ABMX-PR-0072 | ABMX-PR-0073 | ABMX-PR-0074 | ABMX-PR-0075 | ABMX-PR-0076 | ABMX-PR-0077 | ABMX-PR-0078 | ABMX-PR-0079 | ABMX-PR-0080 | ABMX-PR-0081 | ABMX-PR-0082 | ABMX-PR-0083 | ABMX-PR-0084 | ABMX-PR-0085 | ABMX-PR-0086 | ABMX-PR-0087 | ABMX-PR-0088 | ABMX-PR-0089 | ABMX-PR-0090 | ABMX-PR-0091 | ABMX-PR-0092 | ABMX-PR-0093 | ABMX-PR-0094 | ABMX-PR-0095 | ABMX-PR-0096 | ABMX-PR-0097 | ABMX-PR-0098 | ABMX-PR-0099 | ABMX-PR-0100 | ABMX-PR-0101,83,83,MATCH,
SRC-062,https://previouspage.co.uk/magazines/BMX%20Action%20Bike/issues/62-july-nineteen-eighty-three,48,EPH-0296 | EPH-0297 | EPH-0298 | EPH-0299 | EPH-0300 | EPH-0301 | EPH-0302 | EPH-0303 | EPH-0304 | EPH-0305 | EPH-0306 | EPH-0307 | EPH-0308 | EPH-0309 | EPH-0310 | EPH-0311 | EPH-0312 | EPH-0313 | EPH-0314 | EPH-0315 | EPH-0316 | EPH-0317 | EPH-0318 | EPH-0319 | EPH-0320 | EPH-0321 | EPH-0322 | EPH-0323 | EPH-0324 | EPH-0325 | EPH-0326 | EPH-0327 | EPH-0328 | EPH-0329 | EPH-0330 | EPH-0331 | EPH-0332 | EPH-0333 | EPH-0334 | EPH-0335 | EPH-0336 | EPH-0337 | EPH-0338 | EPH-0339 | EPH-0340 | EPH-0341 | EPH-0342 | EPH-0343,46,ABMX-PR-0102 | ABMX-PR-0103 | ABMX-PR-0104 | ABMX-PR-0105 | ABMX-PR-0106 | ABMX-PR-0107 | ABMX-PR-0108 | ABMX-PR-0109 | ABMX-PR-0110 | ABMX-PR-0111 | ABMX-PR-0112 | ABMX-PR-0113 | ABMX-PR-0114 | ABMX-PR-0115 | ABMX-PR-0116 | ABMX-PR-0117 | ABMX-PR-0118 | ABMX-PR-0119 | ABMX-PR-0120 | ABMX-PR-0121 | ABMX-PR-0122 | ABMX-PR-0123 | ABMX-PR-0124 | ABMX-PR-0125 | ABMX-PR-0126 | ABMX-PR-0127 | ABMX-PR-0128 | ABMX-PR-0129 | ABMX-PR-0130 | ABMX-PR-0131 | ABMX-PR-0132 | ABMX-PR-0133 | ABMX-PR-0134 | ABMX-PR-0135 | ABMX-PR-0136 | ABMX-PR-0137 | ABMX-PR-0138 | ABMX-PR-0139 | ABMX-PR-0140 | ABMX-PR-0141 | ABMX-PR-0142 | ABMX-PR-0143 | ABMX-PR-0144 | ABMX-PR-0145 | ABMX-PR-0146 | ABMX-PR-0147,94,94,MATCH,
SRC-063,https://previouspage.co.uk/magazines/BMX%20Action%20Bike/issues/63-august-nineteen-eighty-three,53,EPH-0344 | EPH-0345 | EPH-0346 | EPH-0347 | EPH-0348 | EPH-0349 | EPH-0350 | EPH-0351 | EPH-0352 | EPH-0353 | EPH-0354 | EPH-0355 | EPH-0356 | EPH-0357 | EPH-0358 | EPH-0359 | EPH-0360 | EPH-0361 | EPH-0362 | EPH-0363 | EPH-0364 | EPH-0365 | EPH-0366 | EPH-0367 | EPH-0368 | EPH-0369 | EPH-0370 | EPH-0371 | EPH-0372 | EPH-0373 | EPH-0374 | EPH-0375 | EPH-0376 | EPH-0377 | EPH-0378 | EPH-0379 | EPH-0380 | EPH-0381 | EPH-0382 | EPH-0383 | EPH-0384 | EPH-0385 | EPH-0386 | EPH-0387 | EPH-0388 | EPH-0389 | EPH-0390 | EPH-0391 | EPH-0392 | EPH-0393 | EPH-0394 | EPH-0395 | EPH-0396,50,ABMX-PR-0148 | ABMX-PR-0149 | ABMX-PR-0150 | ABMX-PR-0151 | ABMX-PR-0152 | ABMX-PR-0153 | ABMX-PR-0154 | ABMX-PR-0155 | ABMX-PR-0156 | ABMX-PR-0157 | ABMX-PR-0158 | ABMX-PR-0159 | ABMX-PR-0160 | ABMX-PR-0161 | ABMX-PR-0162 | ABMX-PR-0163 | ABMX-PR-0164 | ABMX-PR-0165 | ABMX-PR-0166 | ABMX-PR-0167 | ABMX-PR-0168 | ABMX-PR-0169 | ABMX-PR-0170 | ABMX-PR-0171 | ABMX-PR-0172 | ABMX-PR-0173 | ABMX-PR-0174 | ABMX-PR-0175 | ABMX-PR-0176 | ABMX-PR-0177 | ABMX-PR-0178 | ABMX-PR-0179 | ABMX-PR-0180 | ABMX-PR-0181 | ABMX-PR-0182 | ABMX-PR-0183 | ABMX-PR-0184 | ABMX-PR-0185 | ABMX-PR-0186 | ABMX-PR-0187 | ABMX-PR-0188 | ABMX-PR-0189 | ABMX-PR-0190 | ABMX-PR-0191 | ABMX-PR-0192 | ABMX-PR-0193 | ABMX-PR-0194 | ABMX-PR-0195 | ABMX-PR-0196 | ABMX-PR-0197,103,103,MATCH,
SRC-064,https://previouspage.co.uk/magazines/BMX%20Action%20Bike/issues/64-september-nineteen-eighty-three,52,EPH-0397 | EPH-0398 | EPH-0399 | EPH-0400 | EPH-0401 | EPH-0402 | EPH-0403 | EPH-0404 | EPH-0405 | EPH-0406 | EPH-0407 | EPH-0408 | EPH-0409 | EPH-0410 | EPH-0411 | EPH-0412 | EPH-0413 | EPH-0414 | EPH-0415 | EPH-0416 | EPH-0417 | EPH-0418 | EPH-0419 | EPH-0420 | EPH-0421 | EPH-0422 | EPH-0423 | EPH-0424 | EPH-0425 | EPH-0426 | EPH-0427 | EPH-0428 | EPH-0429 | EPH-0430 | EPH-0431 | EPH-0432 | EPH-0433 | EPH-0434 | EPH-0435 | EPH-0436 | EPH-0437 | EPH-0438 | EPH-0439 | EPH-0440 | EPH-0441 | EPH-0442 | EPH-0443 | EPH-0444 | EPH-0445 | EPH-0446 | EPH-0447 | EPH-0448,50,ABMX-PR-0198 | ABMX-PR-0199 | ABMX-PR-0200 | ABMX-PR-0201 | ABMX-PR-0202 | ABMX-PR-0203 | ABMX-PR-0204 | ABMX-PR-0205 | ABMX-PR-0206 | ABMX-PR-0207 | ABMX-PR-0208 | ABMX-PR-0209 | ABMX-PR-0210 | ABMX-PR-0211 | ABMX-PR-0212 | ABMX-PR-0213 | ABMX-PR-0214 | ABMX-PR-0215 | ABMX-PR-0216 | ABMX-PR-0217 | ABMX-PR-0218 | ABMX-PR-0219 | ABMX-PR-0220 | ABMX-PR-0221 | ABMX-PR-0222 | ABMX-PR-0223 | ABMX-PR-0224 | ABMX-PR-0225 | ABMX-PR-0226 | ABMX-PR-0227 | ABMX-PR-0228 | ABMX-PR-0229 | ABMX-PR-0230 | ABMX-PR-0231 | ABMX-PR-0232 | ABMX-PR-0233 | ABMX-PR-0234 | ABMX-PR-0235 | ABMX-PR-0236 | ABMX-PR-0237 | ABMX-PR-0238 | ABMX-PR-0239 | ABMX-PR-0240 | ABMX-PR-0241 | ABMX-PR-0242 | ABMX-PR-0243 | ABMX-PR-0244 | ABMX-PR-0245 | ABMX-PR-0246 | ABMX-PR-0247,102,102,MATCH,
SRC-065,https://previouspage.co.uk/issues/85-october-nineteen-eighty-three,52,EPH-0449 | EPH-0450 | EPH-0451 | EPH-0452 | EPH-0453 | EPH-0454 | EPH-0455 | EPH-0456 | EPH-0457 | EPH-0458 | EPH-0459 | EPH-0460 | EPH-0461 | EPH-0462 | EPH-0463 | EPH-0464 | EPH-0465 | EPH-0466 | EPH-0467 | EPH-0468 | EPH-0469 | EPH-0470 | EPH-0471 | EPH-0472 | EPH-0473 | EPH-0474 | EPH-0475 | EPH-0476 | EPH-0477 | EPH-0478 | EPH-0479 | EPH-0480 | EPH-0481 | EPH-0482 | EPH-0483 | EPH-0484 | EPH-0485 | EPH-0486 | EPH-0487 | EPH-0488 | EPH-0489 | EPH-0490 | EPH-0491 | EPH-0492 | EPH-0493 | EPH-0494 | EPH-0495 | EPH-0496 | EPH-0497 | EPH-0498 | EPH-0499 | EPH-0500,50,ABMX-PR-0248 | ABMX-PR-0249 | ABMX-PR-0250 | ABMX-PR-0251 | ABMX-PR-0252 | ABMX-PR-0253 | ABMX-PR-0254 | ABMX-PR-0255 | ABMX-PR-0256 | ABMX-PR-0257 | ABMX-PR-0258 | ABMX-PR-0259 | ABMX-PR-0260 | ABMX-PR-0261 | ABMX-PR-0262 | ABMX-PR-0263 | ABMX-PR-0264 | ABMX-PR-0265 | ABMX-PR-0266 | ABMX-PR-0267 | ABMX-PR-0268 | ABMX-PR-0269 | ABMX-PR-0270 | ABMX-PR-0271 | ABMX-PR-0272 | ABMX-PR-0273 | ABMX-PR-0274 | ABMX-PR-0275 | ABMX-PR-0276 | ABMX-PR-0277 | ABMX-PR-0278 | ABMX-PR-0279 | ABMX-PR-0280 | ABMX-PR-0281 | ABMX-PR-0282 | ABMX-PR-0283 | ABMX-PR-0284 | ABMX-PR-0285 | ABMX-PR-0286 | ABMX-PR-0287 | ABMX-PR-0288 | ABMX-PR-0289 | ABMX-PR-0290 | ABMX-PR-0291 | ABMX-PR-0292 | ABMX-PR-0293 | ABMX-PR-0294 | ABMX-PR-0295 | ABMX-PR-0296 | ABMX-PR-0297,102,102,MATCH,
SRC-066,https://previouspage.co.uk/magazines/BMX%20Action%20Bike/issues/86-november-nineteen-eighty-three,40,EPH-0501 | EPH-0502 | EPH-0503 | EPH-0504 | EPH-0505 | EPH-0506 | EPH-0507 | EPH-0508 | EPH-0509 | EPH-0510 | EPH-0511 | EPH-0512 | EPH-0513 | EPH-0514 | EPH-0515 | EPH-0516 | EPH-0517 | EPH-0518 | EPH-0519 | EPH-0520 | EPH-0521 | EPH-0522 | EPH-0523 | EPH-0524 | EPH-0525 | EPH-0526 | EPH-0527 | EPH-0528 | EPH-0529 | EPH-0530 | EPH-0531 | EPH-0532 | EPH-0533 | EPH-0534 | EPH-0535 | EPH-0536 | EPH-0537 | EPH-0538 | EPH-0539 | EPH-0540,35,ABMX-PR-0298 | ABMX-PR-0299 | ABMX-PR-0300 | ABMX-PR-0301 | ABMX-PR-0302 | ABMX-PR-0303 | ABMX-PR-0304 | ABMX-PR-0305 | ABMX-PR-0306 | ABMX-PR-0307 | ABMX-PR-0308 | ABMX-PR-0309 | ABMX-PR-0310 | ABMX-PR-0311 | ABMX-PR-0312 | ABMX-PR-0313 | ABMX-PR-0314 | ABMX-PR-0315 | ABMX-PR-0316 | ABMX-PR-0317 | ABMX-PR-0318 | ABMX-PR-0319 | ABMX-PR-0320 | ABMX-PR-0321 | ABMX-PR-0322 | ABMX-PR-0323 | ABMX-PR-0324 | ABMX-PR-0325 | ABMX-PR-0326 | ABMX-PR-0327 | ABMX-PR-0328 | ABMX-PR-0329 | ABMX-PR-0330 | ABMX-PR-0331 | ABMX-PR-0332,75,75,MATCH,
SRC-067,https://previouspage.co.uk/magazines/BMX%20Action%20Bike/issues/87-december%20%2F%20january-eighty-three,64,EPH-0060 | EPH-0541 | EPH-0542 | EPH-0543 | EPH-0544 | EPH-0545 | EPH-0546 | EPH-0547 | EPH-0548 | EPH-0549 | EPH-0550 | EPH-0551 | EPH-0552 | EPH-0553 | EPH-0554 | EPH-0555 | EPH-0556 | EPH-0557 | EPH-0558 | EPH-0559 | EPH-0560 | EPH-0561 | EPH-0562 | EPH-0563 | EPH-0564 | EPH-0565 | EPH-0566 | EPH-0567 | EPH-0568 | EPH-0569 | EPH-0570 | EPH-0571 | EPH-0572 | EPH-0573 | EPH-0574 | EPH-0575 | EPH-0576 | EPH-0577 | EPH-0578 | EPH-0579 | EPH-0580 | EPH-0581 | EPH-0582 | EPH-0583 | EPH-0584 | EPH-0585 | EPH-0586 | EPH-0587 | EPH-0588 | EPH-0589 | EPH-0590 | EPH-0591 | EPH-0592 | EPH-0593 | EPH-0594 | EPH-0595 | EPH-0596 | EPH-0597 | EPH-0598 | EPH-0599 | EPH-0600 | EPH-0601 | EPH-0602 | EPH-0603 | EPH-0604,60,ABMX-PR-0333 | ABMX-PR-0334 | ABMX-PR-0335 | ABMX-PR-0336 | ABMX-PR-0337 | ABMX-PR-0338 | ABMX-PR-0339 | ABMX-PR-0340 | ABMX-PR-0341 | ABMX-PR-0342 | ABMX-PR-0343 | ABMX-PR-0344 | ABMX-PR-0345 | ABMX-PR-0346 | ABMX-PR-0347 | ABMX-PR-0348 | ABMX-PR-0349 | ABMX-PR-0350 | ABMX-PR-0351 | ABMX-PR-0352 | ABMX-PR-0353 | ABMX-PR-0354 | ABMX-PR-0355 | ABMX-PR-0356 | ABMX-PR-0357 | ABMX-PR-0358 | ABMX-PR-0359 | ABMX-PR-0360 | ABMX-PR-0361 | ABMX-PR-0362 | ABMX-PR-0363 | ABMX-PR-0364 | ABMX-PR-0365 | ABMX-PR-0366 | ABMX-PR-0367 | ABMX-PR-0368 | ABMX-PR-0369 | ABMX-PR-0370 | ABMX-PR-0371 | ABMX-PR-0372 | ABMX-PR-0373 | ABMX-PR-0374 | ABMX-PR-0375 | ABMX-PR-0376 | ABMX-PR-0377 | ABMX-PR-0378 | ABMX-PR-0379 | ABMX-PR-0380 | ABMX-PR-0381 | ABMX-PR-0382 | ABMX-PR-0383 | ABMX-PR-0384 | ABMX-PR-0385 | ABMX-PR-0386 | ABMX-PR-0387 | ABMX-PR-0388 | ABMX-PR-0389 | ABMX-PR-0390 | ABMX-PR-0391 | ABMX-PR-0392,124,124,MATCH,https://article134-tech.github.io/lititzbmx-public-knowledge-register/sources/SRC-067/
SRC-068,https://previouspage.co.uk/magazines/BMX%20Action%20Bike/issues/194-february-nineteen-eighty-four,68,EPH-0605 | EPH-0606 | EPH-0607 | EPH-0608 | EPH-0609 | EPH-0610 | EPH-0611 | EPH-0612 | EPH-0613 | EPH-0614 | EPH-0615 | EPH-0616 | EPH-0617 | EPH-0618 | EPH-0619 | EPH-0620 | EPH-0621 | EPH-0622 | EPH-0623 | EPH-0624 | EPH-0625 | EPH-0626 | EPH-0627 | EPH-0628 | EPH-0629 | EPH-0630 | EPH-0631 | EPH-0632 | EPH-0633 | EPH-0634 | EPH-0635 | EPH-0636 | EPH-0637 | EPH-0638 | EPH-0639 | EPH-0640 | EPH-0641 | EPH-0642 | EPH-0643 | EPH-0644 | EPH-0645 | EPH-0646 | EPH-0647 | EPH-0648 | EPH-0649 | EPH-0650 | EPH-0651 | EPH-0652 | EPH-0653 | EPH-0654 | EPH-0655 | EPH-0656 | EPH-0657 | EPH-0658 | EPH-0659 | EPH-0660 | EPH-0661 | EPH-0662 | EPH-0663 | EPH-0664 | EPH-0665 | EPH-0666 | EPH-0667 | EPH-0668 | EPH-0669 | EPH-0670 | EPH-0671 | EPH-0672,79,ABMX-PR-0393 | ABMX-PR-0394 | ABMX-PR-0395 | ABMX-PR-0396 | ABMX-PR-0397 | ABMX-PR-0398 | ABMX-PR-0399 | ABMX-PR-0400 | ABMX-PR-0401 | ABMX-PR-0402 | ABMX-PR-0403 | ABMX-PR-0404 | ABMX-PR-0405 | ABMX-PR-0406 | ABMX-PR-0407 | ABMX-PR-0408 | ABMX-PR-0409 | ABMX-PR-0410 | ABMX-PR-0411 | ABMX-PR-0412 | ABMX-PR-0413 | ABMX-PR-0414 | ABMX-PR-0415 | ABMX-PR-0416 | ABMX-PR-0417 | ABMX-PR-0418 | ABMX-PR-0419 | ABMX-PR-0420 | ABMX-PR-0421 | ABMX-PR-0422 | ABMX-PR-0423 | ABMX-PR-0424 | ABMX-PR-0425 | ABMX-PR-0426 | ABMX-PR-0427 | ABMX-PR-0428 | ABMX-PR-0429 | ABMX-PR-0430 | ABMX-PR-0431 | ABMX-PR-0432 | ABMX-PR-0433 | ABMX-PR-0434 | ABMX-PR-0435 | ABMX-PR-0436 | ABMX-PR-0437 | ABMX-PR-0438 | ABMX-PR-0439 | ABMX-PR-0440 | ABMX-PR-0441 | ABMX-PR-0442 | ABMX-PR-0443 | ABMX-PR-0444 | ABMX-PR-0445 | ABMX-PR-0446 | ABMX-PR-0447 | ABMX-PR-0448 | ABMX-PR-0449 | ABMX-PR-0450 | ABMX-PR-0451 | ABMX-PR-0452 | ABMX-PR-0453 | ABMX-PR-0454 | ABMX-PR-0455 | ABMX-PR-0456 | ABMX-PR-0457 | ABMX-PR-0458 | ABMX-PR-0459 | ABMX-PR-0460 | ABMX-PR-0461 | ABMX-PR-0462 | ABMX-PR-0463 | ABMX-PR-0464 | ABMX-PR-0465 | ABMX-PR-0466 | ABMX-PR-0467 | ABMX-PR-0468 | ABMX-PR-0469 | ABMX-PR-0470 | ABMX-PR-0471,147,147,MATCH,https://article134-tech.github.io/lititzbmx-public-knowledge-register/sources/SRC-068/
SRC-069,https://previouspage.co.uk/magazines/BMX%20Action%20Bike/issues/44-january-nineteen-eighty-five,88,EPH-0673 | EPH-0674 | EPH-0675 | EPH-0676 | EPH-0677 | EPH-0678 | EPH-0679 | EPH-0680 | EPH-0681 | EPH-0682 | EPH-0683 | EPH-0684 | EPH-0685 | EPH-0686 | EPH-0687 | EPH-0688 | EPH-0689 | EPH-0690 | EPH-0691 | EPH-0692 | EPH-0693 | EPH-0694 | EPH-0695 | EPH-0696 | EPH-0697 | EPH-0698 | EPH-0699 | EPH-0700 | EPH-0701 | EPH-0702 | EPH-0703 | EPH-0704 | EPH-0705 | EPH-0706 | EPH-0707 | EPH-0708 | EPH-0709 | EPH-0710 | EPH-0711 | EPH-0712 | EPH-0713 | EPH-0714 | EPH-0715 | EPH-0716 | EPH-0717 | EPH-0718 | EPH-0719 | EPH-0720 | EPH-0721 | EPH-0722 | EPH-0723 | EPH-0724 | EPH-0725 | EPH-0726 | EPH-0727 | EPH-0728 | EPH-0729 | EPH-0730 | EPH-0731 | EPH-0732 | EPH-0733 | EPH-0734 | EPH-0735 | EPH-0736 | EPH-0737 | EPH-0738 | EPH-0739 | EPH-0740 | EPH-0741 | EPH-0742 | EPH-0743 | EPH-0744 | EPH-0745 | EPH-0746 | EPH-0747 | EPH-0748 | EPH-0749 | EPH-0750 | EPH-0751 | EPH-0752 | EPH-0753 | EPH-0754 | EPH-0755 | EPH-0756 | EPH-0757 | EPH-0758 | EPH-0759 | EPH-0760,108,ABMX-PR-0472 | ABMX-PR-0473 | ABMX-PR-0474 | ABMX-PR-0475 | ABMX-PR-0476 | ABMX-PR-0477 | ABMX-PR-0478 | ABMX-PR-0479 | ABMX-PR-0480 | ABMX-PR-0481 | ABMX-PR-0482 | ABMX-PR-0483 | ABMX-PR-0484 | ABMX-PR-0485 | ABMX-PR-0486 | ABMX-PR-0487 | ABMX-PR-0488 | ABMX-PR-0489 | ABMX-PR-0490 | ABMX-PR-0491 | ABMX-PR-0492 | ABMX-PR-0493 | ABMX-PR-0494 | ABMX-PR-0495 | ABMX-PR-0496 | ABMX-PR-0497 | ABMX-PR-0498 | ABMX-PR-0499 | ABMX-PR-0500 | ABMX-PR-0501 | ABMX-PR-0502 | ABMX-PR-0503 | ABMX-PR-0504 | ABMX-PR-0505 | ABMX-PR-0506 | ABMX-PR-0507 | ABMX-PR-0508 | ABMX-PR-0509 | ABMX-PR-0510 | ABMX-PR-0511 | ABMX-PR-0512 | ABMX-PR-0513 | ABMX-PR-0514 | ABMX-PR-0515 | ABMX-PR-0516 | ABMX-PR-0517 | ABMX-PR-0518 | ABMX-PR-0519 | ABMX-PR-0520 | ABMX-PR-0521 | ABMX-PR-0522 | ABMX-PR-0523 | ABMX-PR-0524 | ABMX-PR-0525 | ABMX-PR-0526 | ABMX-PR-0527 | ABMX-PR-0528 | ABMX-PR-0529 | ABMX-PR-0530 | ABMX-PR-0531 | ABMX-PR-0532 | ABMX-PR-0533 | ABMX-PR-0534 | ABMX-PR-0535 | ABMX-PR-0536 | ABMX-PR-0537 | ABMX-PR-0538 | ABMX-PR-0539 | ABMX-PR-0540 | ABMX-PR-0541 | ABMX-PR-0542 | ABMX-PR-0543 | ABMX-PR-0544 | ABMX-PR-0545 | ABMX-PR-0546 | ABMX-PR-0547 | ABMX-PR-0548 | ABMX-PR-0549 | ABMX-PR-0550 | ABMX-PR-0551 | ABMX-PR-0552 | ABMX-PR-0553 | ABMX-PR-0554 | ABMX-PR-0555 | ABMX-PR-0556 | ABMX-PR-0557 | ABMX-PR-0558 | ABMX-PR-0559 | ABMX-PR-0560 | ABMX-PR-0561 | ABMX-PR-0562 | ABMX-PR-0563 | ABMX-PR-0564 | ABMX-PR-0565 | ABMX-PR-0566 | ABMX-PR-0567 | ABMX-PR-0568 | ABMX-PR-0569 | ABMX-PR-0570 | ABMX-PR-0571 | ABMX-PR-0572 | ABMX-PR-0573 | ABMX-PR-0574 | ABMX-PR-0575 | ABMX-PR-0576 | ABMX-PR-0577 | ABMX-PR-0578 | ABMX-PR-0579,196,196,MATCH,https://article134-tech.github.io/lititzbmx-public-knowledge-register/sources/SRC-069/
SRC-070,https://previouspage.co.uk/magazines/Bicross/issues/230-july-nineteen-eighty-two,59,EPH-0761 | EPH-0762 | EPH-0763 | EPH-0764 | EPH-0765 | EPH-0766 | EPH-0767 | EPH-0768 | EPH-0769 | EPH-0770 | EPH-0771 | EPH-0772 | EPH-0773 | EPH-0774 | EPH-0775 | EPH-0776 | EPH-0777 | EPH-0778 | EPH-0779 | EPH-0780 | EPH-0781 | EPH-0782 | EPH-0783 | EPH-0784 | EPH-0785 | EPH-0786 | EPH-0787 | EPH-0788 | EPH-0789 | EPH-0790 | EPH-0791 | EPH-0792 | EPH-0793 | EPH-0794 | EPH-0795 | EPH-0796 | EPH-0797 | EPH-0798 | EPH-0799 | EPH-0800 | EPH-0801 | EPH-0802 | EPH-0803 | EPH-0804 | EPH-0805 | EPH-0806 | EPH-0807 | EPH-0808 | EPH-0809 | EPH-0810 | EPH-0811 | EPH-0812 | EPH-0813 | EPH-0814 | EPH-0815 | EPH-0816 | EPH-0817 | EPH-0818 | EPH-0819,26,ABMX-PR-0580 | ABMX-PR-0581 | ABMX-PR-0582 | ABMX-PR-0583 | ABMX-PR-0584 | ABMX-PR-0585 | ABMX-PR-0586 | ABMX-PR-0587 | ABMX-PR-0588 | ABMX-PR-0589 | ABMX-PR-0590 | ABMX-PR-0591 | ABMX-PR-0592 | ABMX-PR-0593 | ABMX-PR-0594 | ABMX-PR-0595 | ABMX-PR-0596 | ABMX-PR-0597 | ABMX-PR-0598 | ABMX-PR-0599 | ABMX-PR-0600 | ABMX-PR-0601 | ABMX-PR-0602 | ABMX-PR-0603 | ABMX-PR-0604 | ABMX-PR-0605,85,85,MATCH,https://article134-tech.github.io/lititzbmx-public-knowledge-register/sources/SRC-070/
SRC-071,https://previouspage.co.uk/magazines/Bicross/issues/231-october-nineteen-eighty-two,58,EPH-0820 | EPH-0821 | EPH-0822 | EPH-0823 | EPH-0824 | EPH-0825 | EPH-0826 | EPH-0827 | EPH-0828 | EPH-0829 | EPH-0830 | EPH-0831 | EPH-0832 | EPH-0833 | EPH-0834 | EPH-0835 | EPH-0836 | EPH-0837 | EPH-0838 | EPH-0839 | EPH-0840 | EPH-0841 | EPH-0842 | EPH-0843 | EPH-0844 | EPH-0845 | EPH-0846 | EPH-0847 | EPH-0848 | EPH-0849 | EPH-0850 | EPH-0851 | EPH-0852 | EPH-0853 | EPH-0854 | EPH-0855 | EPH-0856 | EPH-0857 | EPH-0858 | EPH-0859 | EPH-0860 | EPH-0861 | EPH-0862 | EPH-0863 | EPH-0864 | EPH-0865 | EPH-0866 | EPH-0867 | EPH-0868 | EPH-0869 | EPH-0870 | EPH-0871 | EPH-0872 | EPH-0873 | EPH-0874 | EPH-0875 | EPH-0876 | EPH-0877,17,ABMX-PR-0606 | ABMX-PR-0607 | ABMX-PR-0608 | ABMX-PR-0609 | ABMX-PR-0610 | ABMX-PR-0611 | ABMX-PR-0612 | ABMX-PR-0613 | ABMX-PR-0614 | ABMX-PR-0615 | ABMX-PR-0616 | ABMX-PR-0617 | ABMX-PR-0618 | ABMX-PR-0619 | ABMX-PR-0620 | ABMX-PR-0621 | ABMX-PR-0622,75,75,MATCH,https://article134-tech.github.io/lititzbmx-public-knowledge-register/sources/SRC-071/
SRC-072,https://previouspage.co.uk/magazines/Bicross/issues/232-november-nineteen-eighty-two,69,EPH-0878 | EPH-0879 | EPH-0880 | EPH-0881 | EPH-0882 | EPH-0883 | EPH-0884 | EPH-0885 | EPH-0886 | EPH-0887 | EPH-0888 | EPH-0889 | EPH-0890 | EPH-0891 | EPH-0892 | EPH-0893 | EPH-0894 | EPH-0895 | EPH-0896 | EPH-0897 | EPH-0898 | EPH-0899 | EPH-0900 | EPH-0901 | EPH-0902 | EPH-0903 | EPH-0904 | EPH-0905 | EPH-0906 | EPH-0907 | EPH-0908 | EPH-0909 | EPH-0910 | EPH-0911 | EPH-0912 | EPH-0913 | EPH-0914 | EPH-0915 | EPH-0916 | EPH-0917 | EPH-0918 | EPH-0919 | EPH-0920 | EPH-0921 | EPH-0922 | EPH-0923 | EPH-0924 | EPH-0925 | EPH-0926 | EPH-0927 | EPH-0928 | EPH-0929 | EPH-0930 | EPH-0931 | EPH-0932 | EPH-0933 | EPH-0934 | EPH-0935 | EPH-0936 | EPH-0937 | EPH-0938 | EPH-0939 | EPH-0940 | EPH-0941 | EPH-0942 | EPH-0943 | EPH-0944 | EPH-0945 | EPH-0946,14,ABMX-PR-0623 | ABMX-PR-0624 | ABMX-PR-0625 | ABMX-PR-0626 | ABMX-PR-0627 | ABMX-PR-0628 | ABMX-PR-0629 | ABMX-PR-0630 | ABMX-PR-0631 | ABMX-PR-0632 | ABMX-PR-0633 | ABMX-PR-0634 | ABMX-PR-0635 | ABMX-PR-0636,83,83,MATCH,https://article134-tech.github.io/lititzbmx-public-knowledge-register/sources/SRC-072/
SRC-073,https://previouspage.co.uk/magazines/Bicross/issues/233-december-nineteen-eighty-two,64,EPH-0947 | EPH-0948 | EPH-0949 | EPH-0950 | EPH-0951 | EPH-0952 | EPH-0953 | EPH-0954 | EPH-0955 | EPH-0956 | EPH-0957 | EPH-0958 | EPH-0959 | EPH-0960 | EPH-0961 | EPH-0962 | EPH-0963 | EPH-0964 | EPH-0965 | EPH-0966 | EPH-0967 | EPH-0968 | EPH-0969 | EPH-0970 | EPH-0971 | EPH-0972 | EPH-0973 | EPH-0974 | EPH-0975 | EPH-0976 | EPH-0977 | EPH-0978 | EPH-0979 | EPH-0980 | EPH-0981 | EPH-0982 | EPH-0983 | EPH-0984 | EPH-0985 | EPH-0986 | EPH-0987 | EPH-0988 | EPH-0989 | EPH-0990 | EPH-0991 | EPH-0992 | EPH-0993 | EPH-0994 | EPH-0995 | EPH-0996 | EPH-0997 | EPH-0998 | EPH-0999 | EPH-1000 | EPH-1001 | EPH-1002 | EPH-1003 | EPH-1004 | EPH-1005 | EPH-1006 | EPH-1007 | EPH-1008 | EPH-1009 | EPH-1010,43,ABMX-PR-0637 | ABMX-PR-0638 | ABMX-PR-0639 | ABMX-PR-0640 | ABMX-PR-0641 | ABMX-PR-0642 | ABMX-PR-0643 | ABMX-PR-0644 | ABMX-PR-0645 | ABMX-PR-0646 | ABMX-PR-0647 | ABMX-PR-0648 | ABMX-PR-0649 | ABMX-PR-0650 | ABMX-PR-0651 | ABMX-PR-0652 | ABMX-PR-0653 | ABMX-PR-0654 | ABMX-PR-0655 | ABMX-PR-0656 | ABMX-PR-0657 | ABMX-PR-0658 | ABMX-PR-0659 | ABMX-PR-0660 | ABMX-PR-0661 | ABMX-PR-0662 | ABMX-PR-0663 | ABMX-PR-0664 | ABMX-PR-0665 | ABMX-PR-0666 | ABMX-PR-0667 | ABMX-PR-0668 | ABMX-PR-0669 | ABMX-PR-0670 | ABMX-PR-0671 | ABMX-PR-0672 | ABMX-PR-0673 | ABMX-PR-0674 | ABMX-PR-0675 | ABMX-PR-0676 | ABMX-PR-0677 | ABMX-PR-0678 | ABMX-PR-0679,107,107,MATCH,https://article134-tech.github.io/lititzbmx-public-knowledge-register/sources/SRC-073/
