source_identity,record_count,access_hosts,example_record_ids
BMX Action Bike,707,"[""previouspage.co.uk""]","[""EPH-0045"", ""EPH-0046"", ""EPH-0050"", ""EPH-0051"", ""EPH-0054""]"
Bicross,250,"[""previouspage.co.uk""]","[""EPH-0761"", ""EPH-0762"", ""EPH-0763"", ""EPH-0764"", ""EPH-0765""]"
BMXMuseum,45,"[""bmxmuseum.com""]","[""EPH-0006"", ""EPH-0007"", ""EPH-0010"", ""EPH-0031"", ""EPH-1021""]"
BMX Plus!,8,"[""previouspage.co.uk""]","[""EPH-0020"", ""EPH-0021"", ""EPH-0022"", ""EPH-0052"", ""EPH-0053""]"
BMXMuseum reference lead,8,"[""in.pinterest.com"", ""pinterest.com""]","[""EPH-0001"", ""EPH-0002"", ""EPH-0003"", ""EPH-0005"", ""EPH-0011""]"
BMX Catalogue archive,6,"[""bmx-catalogue.com""]","[""EPH-0024"", ""EPH-0025"", ""EPH-0026"", ""EPH-0027"", ""EPH-0028""]"
Vintage Mongoose archive,5,"[""vintagemongoose.com""]","[""EPH-0034"", ""EPH-0035"", ""EPH-0039"", ""EPH-0040"", ""EPH-0041""]"
GO,4,"[""previouspage.co.uk""]","[""EPH-0030"", ""EPH-0055"", ""EPH-1012"", ""EPH-1013""]"
JMC historical archive,4,"[""jmcbmx.wordpress.com""]","[""EPH-0013"", ""EPH-0014"", ""EPH-0015"", ""EPH-0016""]"
Torker Racing archive,4,"[""torkerracing.com""]","[""EPH-0009"", ""EPH-0047"", ""EPH-0048"", ""EPH-0049""]"
Haro official archive,3,"[""archive.harobikes.com""]","[""EPH-0023"", ""EPH-1014"", ""EPH-1015""]"
USA BMX,3,"[""usabmx.com""]","[""EPH-0037"", ""EPH-1019"", ""EPH-1020""]"
Redline Vintage BMX archive,2,"[""redlinevintagebmx.com""]","[""EPH-0036"", ""EPH-0038""]"
SE Bikes official archive,2,"[""sebikes.com""]","[""EPH-0043"", ""EPH-0044""]"
The CABE,2,"[""thecabe.com""]","[""EPH-0032"", ""EPH-0033""]"
UCI,2,"[""uci.org""]","[""EPH-1017"", ""EPH-1018""]"
BMX Weekly,1,"[""previouspage.co.uk""]","[""EPH-0056""]"
Blogging a Dead Horse,1,"[""bloggingadeadhorse.com""]","[""EPH-0042""]"
DIG BMX,1,"[""digbmx.com""]","[""EPH-1016""]"
Edward Koenning archive,1,"[""edwardkoenning.blogspot.com""]","[""EPH-0008""]"
Haro catalog record,1,"[""storage.googleapis.com""]","[""EPH-0004""]"
Public JMC collection post,1,"[""facebook.com""]","[""EPH-0012""]"
