id,url,domain,stages_used,source_roles,record_references,rights_treatment,access_route,preservation_priority,notes,source_identity,access_host,source_display,related_eph_ids
SRC-001,https://archive.harobikes.com/,archive.harobikes.com,v0.5 inherited,Existing public knowledge register,1,INDEX-ONLY,Direct official archive or organization route,MEDIUM,Ephemera object source,Haro official archive,archive.harobikes.com,Haro official archive,
SRC-002,https://archive.harobikes.com/bmx,archive.harobikes.com,v0.7,Enthusiast catalog reconstruction; Independent period publication; Indexed enthusiast model registry; Official manufacturer archive,7,INDEX-ONLY,Direct official archive or organization route,HIGH,Ephemera object source,Haro official archive,archive.harobikes.com,Haro official archive,
SRC-003,https://bmxmuseum.com/bikes/redline/,bmxmuseum.com,v0.5 inherited,Existing public knowledge register,1,INDEX-ONLY,Direct BMXMuseum route,MEDIUM,Ephemera object source,BMXMuseum,bmxmuseum.com,BMXMuseum,
SRC-004,https://bmxmuseum.com/reference/1911,bmxmuseum.com,v0.5 inherited,Existing public knowledge register,1,INDEX-ONLY,Direct BMXMuseum route,MEDIUM,Ephemera object source,BMXMuseum,bmxmuseum.com,BMXMuseum,
SRC-005,https://bmxmuseum.com/reference/5027,bmxmuseum.com,v0.5 inherited; v0.7,EXACT EXTERNAL DIRECT LINK; EXTERNAL TECHNICAL INTERPRETATION; Existing public knowledge register,4,INDEX-ONLY,Direct BMXMuseum route,HIGH,Ephemera object source,BMXMuseum,bmxmuseum.com,BMXMuseum,
SRC-006,https://edwardkoenning.blogspot.com/2012/09/,edwardkoenning.blogspot.com,v0.5 inherited,Existing public knowledge register,1,INDEX-ONLY,Direct public route at edwardkoenning.blogspot.com,MEDIUM,Ephemera object source,Edward Koenning archive,edwardkoenning.blogspot.com,Edward Koenning archive,
SRC-007,https://in.pinterest.com/pin/1011550766308215575/,in.pinterest.com,v0.5 inherited; v0.6,Existing public knowledge register; GT/Dyno sequence,2,INDEX-ONLY,Public index accessed through Pinterest,MEDIUM,Ephemera object source,BMXMuseum reference lead,in.pinterest.com,BMXMuseum reference lead · accessed through Pinterest,
SRC-008,https://jmcbmx.wordpress.com/2010/02/03/81-jmc-factory-team-advertisement/,jmcbmx.wordpress.com,v0.5 inherited,Existing public knowledge register,1,INDEX-ONLY,Direct public route at jmcbmx.wordpress.com,MEDIUM,Ephemera object source,JMC historical archive,jmcbmx.wordpress.com,JMC historical archive,
SRC-009,https://jmcbmx.wordpress.com/2010/02/03/april-1981-advertisement/,jmcbmx.wordpress.com,v0.5 inherited,Existing public knowledge register,1,INDEX-ONLY,Direct public route at jmcbmx.wordpress.com,MEDIUM,Ephemera object source,JMC historical archive,jmcbmx.wordpress.com,JMC historical archive,
SRC-010,https://jmcbmx.wordpress.com/2010/02/03/july-1979-advertisement/,jmcbmx.wordpress.com,v0.5 inherited,Existing public knowledge register,1,INDEX-ONLY / PERMISSION REQUIRED,Direct public route at jmcbmx.wordpress.com,MEDIUM,Ephemera object source,JMC historical archive,jmcbmx.wordpress.com,JMC historical archive,
SRC-011,https://jmcbmx.wordpress.com/about/,jmcbmx.wordpress.com,v0.5 inherited,Existing public knowledge register,1,INDEX-ONLY,Direct public route at jmcbmx.wordpress.com,MEDIUM,Ephemera object source,JMC historical archive,jmcbmx.wordpress.com,JMC historical archive,
SRC-012,https://jmcbmx.wordpress.com/page/3/,jmcbmx.wordpress.com,v0.5 inherited,Existing public knowledge register,3,INDEX-ONLY; INDEX-ONLY / PERMISSION REQUIRED,Direct public route at jmcbmx.wordpress.com,HIGH,Ephemera object source,JMC historical archive,jmcbmx.wordpress.com,JMC historical archive,
SRC-013,https://mx.pinterest.com/pin/430304939389697467/,mx.pinterest.com,v1.0 prices,1992 GT/Dyno Product Catalog; Indexed catalog page,2,INDEX-ONLY,Direct public route at mx.pinterest.com,MEDIUM,Price observation source,mx.pinterest.com,mx.pinterest.com,mx.pinterest.com,
SRC-014,https://previouspage.co.uk/issues/245-august-nineteen-eighty-seven,previouspage.co.uk,v0.6; v0.9; v1.0 prices,GT/Dyno sequence; Period contest entry form; Period retailer advertisement,22,INDEX-ONLY,Publication accessed through PreviousPage,HIGH,Ephemera object source; Price observation source,BMX Plus!,previouspage.co.uk,BMX Plus! · accessed through PreviousPage,
SRC-015,https://previouspage.co.uk/magazines/BMX%20Action%20Bike/issues/13-april%2Fmay-eighty-two,previouspage.co.uk,v0.8; v0.9; v1.1 expansion,Period product mailer advertisement; Period publication; v1.1 chronological issue pass,22,INDEX-ONLY,Publication accessed through PreviousPage,HIGH,"Expanded issue pass: 22 source records and 21 price observations from BMX Action Bike, April/May 1982.",BMX Action Bike,previouspage.co.uk,BMX Action Bike · accessed through PreviousPage,
SRC-016,https://previouspage.co.uk/magazines/BMX%20Action%20Bike/issues/25-october%2Fnovember-eighty-two,previouspage.co.uk,v0.8; v1.1 chronological census,Period publication; chronological issue pass,30,INDEX-ONLY,Publication accessed through PreviousPage,HIGH,BMX Action Bike — October/November 1982 — Volume 2 Number 4 — expanded issue pass,BMX Action Bike,previouspage.co.uk,BMX Action Bike · accessed through PreviousPage,
SRC-017,https://previouspage.co.uk/magazines/BMX%20Action%20Bike/issues/57-august%2Fseptember-eighty-two,previouspage.co.uk,v0.8; v1.1 chronological census,Period publication; chronological issue pass,29,INDEX-ONLY,Publication accessed through PreviousPage,HIGH,BMX Action Bike — August/September 1982 — Volume 2 Number 3 — expanded issue pass,BMX Action Bike,previouspage.co.uk,BMX Action Bike · accessed through PreviousPage,
SRC-018,https://previouspage.co.uk/magazines/BMX%20Action%20Bike/issues/58-december%2Fjanuary-eighty-two,previouspage.co.uk,v0.9; v1.1 chronological census,Period event promotion; Period magazine coupon; chronological issue pass,30,INDEX-ONLY,Publication accessed through PreviousPage,HIGH,BMX Action Bike — December 1982/January 1983 — Volume 2 Number 5 — expanded issue pass,BMX Action Bike,previouspage.co.uk,BMX Action Bike · accessed through PreviousPage,
SRC-019,https://previouspage.co.uk/magazines/BMX%20Action%20Bike/issues/62-july-nineteen-eighty-three,previouspage.co.uk,v1.0 prices,Period retailer advertisement,1,INDEX-ONLY,Publication accessed through PreviousPage,MEDIUM,Price observation source,BMX Action Bike,previouspage.co.uk,BMX Action Bike · accessed through PreviousPage,
SRC-020,https://previouspage.co.uk/magazines/BMX%20Action%20Bike/issues/64-september-nineteen-eighty-three,previouspage.co.uk,v0.9; v1.0 prices,Period magazine advertisement / booking form; Period retailer advertisement,2,INDEX-ONLY,Publication accessed through PreviousPage,MEDIUM,Ephemera object source; Price observation source,BMX Action Bike,previouspage.co.uk,BMX Action Bike · accessed through PreviousPage,
SRC-021,https://previouspage.co.uk/magazines/BMX%20Action%20Bike/issues/85-october-nineteen-eighty-three,previouspage.co.uk,v0.9; v1.0 prices,Period dealer advertisement; Period retailer advertisement,3,INDEX-ONLY,Publication accessed through PreviousPage,HIGH,Ephemera object source; Price observation source,BMX Action Bike,previouspage.co.uk,BMX Action Bike · accessed through PreviousPage,
SRC-022,https://previouspage.co.uk/magazines/BMX%20Action%20Bike/issues/87-december%20%2F%20january-eighty-three,previouspage.co.uk,v0.9,Period dealer advertisement,1,INDEX-ONLY,Publication accessed through PreviousPage,MEDIUM,Ephemera object source,BMX Action Bike,previouspage.co.uk,BMX Action Bike · accessed through PreviousPage,
SRC-023,https://previouspage.co.uk/magazines/BMX%20Plus/issues/243-may-nineteen-eighty-seven,previouspage.co.uk,v0.9,Period magazine event notice,1,INDEX-ONLY,Publication accessed through PreviousPage,MEDIUM,Ephemera object source,BMX Plus!,previouspage.co.uk,BMX Plus! · accessed through PreviousPage,
SRC-024,https://previouspage.co.uk/magazines/BMX%20Plus/issues/244-july-nineteen-eighty-seven,previouspage.co.uk,v0.6; v0.9; v1.0 prices,GT/Dyno sequence; Period event advertisement; Period magazine promotional notice; Period retailer advertisement,7,INDEX-ONLY,Publication accessed through PreviousPage,HIGH,Ephemera object source; Price observation source,BMX Plus!,previouspage.co.uk,BMX Plus! · accessed through PreviousPage,
SRC-025,https://previouspage.co.uk/magazines/BMX%20Weekly/issues/213-september-nineteen-eighty-two,previouspage.co.uk,v0.9; v1.0 prices,Period retailer advertisement,2,INDEX-ONLY,Publication accessed through PreviousPage,MEDIUM,Ephemera object source; Price observation source,BMX Weekly,previouspage.co.uk,BMX Weekly · accessed through PreviousPage,
SRC-026,https://storage.googleapis.com/dioyjtkukhpqse/haro-bmx-catalog.html,storage.googleapis.com,v0.5 inherited,Existing public knowledge register,1,INDEX-ONLY,Public mirror,MEDIUM,Ephemera object source,Haro catalog record,storage.googleapis.com,Haro catalog record · accessed through a public mirror,
SRC-027,https://thecabe.com/forum/threads/ashtabula-fork-identification-help.253603/,thecabe.com,v0.5 inherited; v0.7,EXACT EXTERNAL DIRECT LINK; EXTERNAL TECHNICAL INTERPRETATION; Existing public knowledge register,4,INDEX-ONLY,Direct public route at thecabe.com,HIGH,Ephemera object source,The CABE,thecabe.com,The CABE,
SRC-028,https://torkerracing.com/blogs/news/torker-bmx-number-one-team-in-america,torkerracing.com,v0.8,Current official historical archive,1,INDEX-ONLY,Direct public route at torkerracing.com,MEDIUM,Ephemera object source,Torker Racing archive,torkerracing.com,Torker Racing archive,
SRC-029,https://torkerracing.com/pages/the-fullerton-era-torker-bmx-history,torkerracing.com,v0.5 inherited; v0.8,Current official historical archive; Existing public knowledge register,3,INDEX-ONLY,Direct public route at torkerracing.com,HIGH,Ephemera object source,Torker Racing archive,torkerracing.com,Torker Racing archive,
SRC-030,https://torkerracing.com/pages/torker-bmx-hall-of-fame,torkerracing.com,v0.8,Current official historical archive,1,INDEX-ONLY,Direct public route at torkerracing.com,MEDIUM,Ephemera object source,Torker Racing archive,torkerracing.com,Torker Racing archive,
SRC-031,https://torkerracing.com/pages/torker-bmx-models,torkerracing.com,v0.8,Current official historical archive,2,INDEX-ONLY,Direct public route at torkerracing.com,MEDIUM,Ephemera object source,Torker Racing archive,torkerracing.com,Torker Racing archive,
SRC-032,https://www.bloggingadeadhorse.com/hotfoot2.php,www.bloggingadeadhorse.com,v0.8; v1.0 prices,Australian collector/research archive; Collector summary of period distributor list,4,INDEX-ONLY,Direct public route at bloggingadeadhorse.com,HIGH,Ephemera object source; Price observation source,Blogging a Dead Horse,bloggingadeadhorse.com,Blogging a Dead Horse,
SRC-033,https://www.bmx-catalogue.com/advanced-search.html,www.bmx-catalogue.com,v0.7,Indexed enthusiast model registry,1,INDEX-ONLY,Direct public route at bmx-catalogue.com,MEDIUM,Ephemera object source,BMX Catalogue archive,bmx-catalogue.com,BMX Catalogue archive,
SRC-034,https://www.bmx-catalogue.com/haro/mid-school/1990/group-1a.html,www.bmx-catalogue.com,v0.7,Enthusiast catalog reconstruction,1,INDEX-ONLY,Direct public route at bmx-catalogue.com,MEDIUM,Ephemera object source,BMX Catalogue archive,bmx-catalogue.com,BMX Catalogue archive,
SRC-035,https://www.bmx-catalogue.com/haro/mid-school/1990/group-1b.html,www.bmx-catalogue.com,v0.7,Enthusiast catalog reconstruction,1,INDEX-ONLY,Direct public route at bmx-catalogue.com,MEDIUM,Ephemera object source,BMX Catalogue archive,bmx-catalogue.com,BMX Catalogue archive,
SRC-036,https://www.bmx-catalogue.com/haro/mid-school/1990/group-1c.html,www.bmx-catalogue.com,v0.7,Enthusiast catalog reconstruction,1,INDEX-ONLY,Direct public route at bmx-catalogue.com,MEDIUM,Ephemera object source,BMX Catalogue archive,bmx-catalogue.com,BMX Catalogue archive,
SRC-037,https://www.bmx-catalogue.com/haro/mid-school/1990/invert.html,www.bmx-catalogue.com,v0.7,Enthusiast catalog reconstruction,1,INDEX-ONLY,Direct public route at bmx-catalogue.com,MEDIUM,Ephemera object source,BMX Catalogue archive,bmx-catalogue.com,BMX Catalogue archive,
SRC-038,https://www.bmx-catalogue.com/haro/mid-school/1990/master.html,www.bmx-catalogue.com,v0.7,Enthusiast catalog reconstruction,1,INDEX-ONLY,Direct public route at bmx-catalogue.com,MEDIUM,Ephemera object source,BMX Catalogue archive,bmx-catalogue.com,BMX Catalogue archive,
SRC-039,https://www.bmx-catalogue.com/haro/mid-school/1990/model.html,www.bmx-catalogue.com,v0.7,Enthusiast catalog reconstruction; Official manufacturer archive,2,INDEX-ONLY,Direct public route at bmx-catalogue.com,MEDIUM,Ephemera object source,BMX Catalogue archive,bmx-catalogue.com,BMX Catalogue archive,
SRC-040,https://www.facebook.com/groups/553888658024748/posts/27080185384968381/,www.facebook.com,v0.5 inherited; v1.0 prices,Existing public knowledge register; Vintage JMC Racing Equipment dealer's price list from Azusa collection,3,INDEX-ONLY,Public social access route at facebook.com,HIGH,Ephemera object source; Price observation source,Public JMC collection post,facebook.com,Public JMC collection post · accessed through Facebook,
SRC-041,https://www.pinterest.com/pin/430304939389697452/,www.pinterest.com,v0.6; v1.0 prices,1992 GT/Dyno Product Catalog; GT/Dyno sequence; Indexed catalog page,3,INDEX-ONLY,Public index accessed through Pinterest,HIGH,Ephemera object source; Price observation source,Public index lead,pinterest.com,Public index lead · public index accessed through pinterest,
SRC-042,https://www.pinterest.com/pin/bmxmuseumcom-reference-1987-diacompe-182-aerial-brake-lever--731623901972849898/,www.pinterest.com,v0.5 inherited,Existing public knowledge register,1,INDEX-ONLY,Public index accessed through Pinterest,MEDIUM,Ephemera object source,BMXMuseum reference lead,pinterest.com,BMXMuseum reference lead · accessed through Pinterest,
SRC-043,https://www.pinterest.com/pin/bmxmuseumcom-reference-1996-gtdyno-the-bmx-freestyle-catalog--491877590560035755/,www.pinterest.com,v0.5 inherited; v0.6,Existing public knowledge register; GT/Dyno sequence,2,INDEX-ONLY,Public index accessed through Pinterest,MEDIUM,Ephemera object source,BMXMuseum reference lead,pinterest.com,BMXMuseum reference lead · accessed through Pinterest,
SRC-044,https://www.pinterest.com/pin/bmxmuseumcom-reference-1999-gtdyno-bmxfreestyle-part-2-in-2025--798192733998105769/,www.pinterest.com,v0.5 inherited; v0.6,Existing public knowledge register; GT/Dyno sequence,2,INDEX-ONLY,Public index accessed through Pinterest,MEDIUM,Ephemera object source,BMXMuseum reference lead,pinterest.com,BMXMuseum reference lead · accessed through Pinterest,
SRC-045,https://www.pinterest.com/pin/jmc-bmx-fliers-and-price-list--442478732119429034/,www.pinterest.com,v0.5 inherited; v1.0 prices,Existing public knowledge register; JMC Racing Fliers and Price List,2,INDEX-ONLY,Public index accessed through Pinterest,MEDIUM,Ephemera object source; Price observation source,BMXMuseum reference lead,pinterest.com,BMXMuseum reference lead · accessed through Pinterest,
SRC-046,https://www.previouspage.co.uk/issues/131-november-nineteen-ninety-one,www.previouspage.co.uk,v0.7; v0.9; v1.0 prices,Independent period publication; Period catalog mailer; Independent period publication; results page,4,INDEX-ONLY,Publication accessed through PreviousPage,HIGH,Ephemera object source; Price observation source Existing source registration reused; projected Record References increases from 3 to 4.,GO,previouspage.co.uk,GO · accessed through PreviousPage,
SRC-047,https://www.radbmx.co.uk/forum/index.php?topic=181254.0,www.radbmx.co.uk,v0.5 inherited,Existing public knowledge register,1,INDEX-ONLY,Direct public route at radbmx.co.uk,MEDIUM,Ephemera object source,radbmx.co.uk,radbmx.co.uk,radbmx.co.uk,
SRC-048,https://www.redlinevintagebmx.com/redline-history,www.redlinevintagebmx.com,v0.8,Historical brand archive; Official rider-history corroboration,2,INDEX-ONLY,Direct public route at redlinevintagebmx.com,MEDIUM,Ephemera object source,Redline Vintage BMX archive,redlinevintagebmx.com,Redline Vintage BMX archive,
SRC-049,https://www.redlinevintagebmx.com/the-rl-40-project,www.redlinevintagebmx.com,v0.8,Historical brand archive,1,INDEX-ONLY,Direct public route at redlinevintagebmx.com,MEDIUM,Ephemera object source,Redline Vintage BMX archive,redlinevintagebmx.com,Redline Vintage BMX archive,
SRC-050,https://www.sebikes.com/blogs/news/classic-1,www.sebikes.com,v0.8,First-person official rider page,1,INDEX-ONLY,Direct public route at sebikes.com,MEDIUM,Ephemera object source,SE Bikes official archive,sebikes.com,SE Bikes official archive,
SRC-051,https://www.sebikes.com/blogs/news/elite-race-series,www.sebikes.com,v0.8,Current official brand history,1,INDEX-ONLY,Direct public route at sebikes.com,MEDIUM,Ephemera object source,SE Bikes official archive,sebikes.com,SE Bikes official archive,
SRC-052,https://www.sebikes.com/pages/perry-kramer,www.sebikes.com,v0.8,Current official brand history; First-person official rider page,2,INDEX-ONLY,Direct public route at sebikes.com,MEDIUM,Ephemera object source,SE Bikes official archive,sebikes.com,SE Bikes official archive,
SRC-053,https://www.usabmx.com/news-and-media/6/2012-05-10/National-BMX-Hall-of-Fame-2012-Inductees-Announced?id=580,www.usabmx.com,v0.5 inherited; v0.8,Existing public knowledge register; Official rider-history corroboration,2,INDEX-ONLY,Direct official archive or organization route,MEDIUM,Ephemera object source,USA BMX,usabmx.com,USA BMX,
SRC-054,https://www.vintagemongoose.com/,www.vintagemongoose.com,v0.8,Australian collector/research archive; Specialist historical archive,2,INDEX-ONLY,Direct public route at vintagemongoose.com,MEDIUM,Ephemera object source,Vintage Mongoose archive,vintagemongoose.com,Vintage Mongoose archive,
SRC-055,https://www.vintagemongoose.com/info/catalogs.php,www.vintagemongoose.com,v0.7; v0.8,PERIOD CATALOG PAGE; Period catalog PDF; Specialist historical archive,5,INDEX-ONLY,Direct public route at vintagemongoose.com,HIGH,Ephemera object source,Vintage Mongoose archive,vintagemongoose.com,Vintage Mongoose archive,
SRC-056,https://www.vintagemongoose.com/pdfs/mongoose_cat76-77.pdf,www.vintagemongoose.com,v0.7; v0.8,PERIOD CATALOG PAGE; Period catalog PDF,2,INDEX-ONLY,Direct public route at vintagemongoose.com,MEDIUM,Ephemera object source,Vintage Mongoose archive,vintagemongoose.com,Vintage Mongoose archive,
SRC-057,https://www.vintagemongoose.com/pdfs/mongoose_cat79-80.pdf,www.vintagemongoose.com,v0.7; v0.8,PERIOD CATALOG PAGE; Period catalog PDF,2,INDEX-ONLY,Direct public route at vintagemongoose.com,MEDIUM,Ephemera object source,Vintage Mongoose archive,vintagemongoose.com,Vintage Mongoose archive,
SRC-058,https://previouspage.co.uk/magazines/BMX%20Action%20Bike/issues/14-june%2Fjuly-eighty-two,previouspage.co.uk,v1.1 chronological census,Period publication; chronological issue pass,28,INDEX-ONLY,Publication accessed through PreviousPage,HIGH,BMX Action Bike — June/July 1982 — Volume 2 Number 2,BMX Action Bike,previouspage.co.uk,BMX Action Bike · accessed through PreviousPage,
SRC-059,https://previouspage.co.uk/magazines/BMX%20Action%20Bike/issues/59-february%2Fmarch-eighty-three,previouspage.co.uk,v1.1 chronological census,Period publication; chronological issue pass,28,INDEX-ONLY,Publication accessed through PreviousPage,HIGH,BMX Action Bike — February/March 1983 — Volume 2 Number 6,BMX Action Bike,previouspage.co.uk,BMX Action Bike · accessed through PreviousPage,
SRC-060,https://previouspage.co.uk/magazines/BMX%20Action%20Bike/issues/60-april%2Fmay-eighty-three,previouspage.co.uk,v1.1 chronological census,Period publication; chronological issue pass,29,INDEX-ONLY,Publication accessed through PreviousPage,HIGH,BMX Action Bike — April/May 1983 — Volume 2 Number 7,BMX Action Bike,previouspage.co.uk,BMX Action Bike · accessed through PreviousPage,
SRC-061,https://previouspage.co.uk/magazines/BMX%20Action%20Bike/issues/61-june-nineteen-eighty-three,previouspage.co.uk,v1.2 chronological census,Period publication; chronological issue pass,45,,Publication accessed through PreviousPage,,BMX Action Bike — June 1983 — Volume 2 Number 8,BMX Action Bike,previouspage.co.uk,BMX Action Bike · accessed through PreviousPage,
SRC-062,https://previouspage.co.uk/magazines/BMX%20Action%20Bike/issues/62-july-nineteen-eighty-three,previouspage.co.uk,v1.2 chronological census,Period publication; chronological issue pass,48,,Publication accessed through PreviousPage,,BMX Action Bike — July 1983 — Volume 2 Number 9,BMX Action Bike,previouspage.co.uk,BMX Action Bike · accessed through PreviousPage,
SRC-063,https://previouspage.co.uk/magazines/BMX%20Action%20Bike/issues/63-august-nineteen-eighty-three,previouspage.co.uk,v1.2 chronological census,Period publication; chronological issue pass,53,,Publication accessed through PreviousPage,,BMX Action Bike — August 1983 — Volume 2 Number 10,BMX Action Bike,previouspage.co.uk,BMX Action Bike · accessed through PreviousPage,
SRC-064,https://previouspage.co.uk/magazines/BMX%20Action%20Bike/issues/64-september-nineteen-eighty-three,previouspage.co.uk,v1.2 chronological census,Period publication; chronological issue pass,52,,Publication accessed through PreviousPage,,BMX Action Bike — September 1983 — Volume 2 Number 11,BMX Action Bike,previouspage.co.uk,BMX Action Bike · accessed through PreviousPage,
SRC-065,https://previouspage.co.uk/issues/85-october-nineteen-eighty-three,previouspage.co.uk,v1.2 chronological census,Period publication; chronological issue pass,52,,Publication accessed through PreviousPage,,BMX Action Bike — October 1983 — Volume 2 Number 12,BMX Action Bike,previouspage.co.uk,BMX Action Bike · accessed through PreviousPage,
SRC-066,https://previouspage.co.uk/magazines/BMX%20Action%20Bike/issues/86-november-nineteen-eighty-three,previouspage.co.uk,v2.0 chronological census,Period publication; chronological issue pass,40,,Publication accessed through PreviousPage,,BMX Action Bike — November 1983 — Volume 2 Number 13,BMX Action Bike,previouspage.co.uk,BMX Action Bike · accessed through PreviousPage,
SRC-067,https://previouspage.co.uk/magazines/BMX%20Action%20Bike/issues/87-december%20%2F%20january-eighty-three,previouspage.co.uk,v2.0 chronological census,Period publication; chronological issue pass,64,INDEX-ONLY,Publication accessed through PreviousPage,HIGH,BMX Action Bike — December/January 1983 — Volume 2 Number 14; 64 retained source records after contents-to-body coverage reconciliation. Sales & Swaps private classifieds are not itemized because the indexed text contains personal contact details.,BMX Action Bike,previouspage.co.uk,BMX Action Bike · accessed through PreviousPage,
SRC-068,https://previouspage.co.uk/magazines/BMX%20Action%20Bike/issues/194-february-nineteen-eighty-four,previouspage.co.uk,v2.0 chronological census,Period publication; chronological issue pass,68,INDEX-ONLY,Publication accessed through PreviousPage,HIGH,BMX Action Bike — February 1984 — Volume 2 Number 15; 68 retained source records after contents-to-indexed-body coverage reconciliation. Sales & Swaps private classifieds are not itemized because the indexed text exposes personal contact details.,BMX Action Bike,previouspage.co.uk,BMX Action Bike · accessed through PreviousPage,
SRC-069,https://previouspage.co.uk/magazines/BMX%20Action%20Bike/issues/44-january-nineteen-eighty-five,previouspage.co.uk,v2.0 chronological census,Period publication; chronological issue pass,88,INDEX-ONLY,Publication accessed through PreviousPage,HIGH,"BMX Action Bike — January 1985 — Number 26; 88 retained source records after contents, indexed-body, advertising, and association-notice reconciliation. The current source index jumps from February 1984 to January 1985; the gap is disclosed as source availability, not treated as proof that intervening issues did not exist.",BMX Action Bike,previouspage.co.uk,BMX Action Bike · accessed through PreviousPage,
SRC-070,https://previouspage.co.uk/magazines/Bicross/issues/230-july-nineteen-eighty-two,previouspage.co.uk,v2.0 chronological census,Period publication; chronological issue pass,59,INDEX-ONLY,Publication accessed through PreviousPage,HIGH,"Bicross — July 1982 — Issue 1; 59 retained source records after contents, indexed-body, product, technical, advertising, and results reconciliation. French-language indexed text is paraphrased into English while original names, models, dates, and currency are preserved. Individual classified listings and personal contact details are not transcribed.",Bicross,previouspage.co.uk,Bicross · accessed through PreviousPage,
SRC-071,https://previouspage.co.uk/magazines/Bicross/issues/231-october-nineteen-eighty-two,previouspage.co.uk,v2.0 chronological census,Period publication; chronological issue pass,58,INDEX-ONLY,Publication accessed through PreviousPage,HIGH,"Bicross — October 1982 — Issue 2; 58 retained source records after contents, indexed-body, product, technical, advertising, race-report, results, translation, and privacy reconciliation. French-language text is paraphrased into English; personal contact details and individual classifieds are not transcribed.",Bicross,previouspage.co.uk,Bicross · accessed through PreviousPage,
SRC-072,https://previouspage.co.uk/magazines/Bicross/issues/232-november-nineteen-eighty-two,previouspage.co.uk,v2.0 chronological census,Period publication; chronological issue pass,69,INDEX-ONLY,Publication accessed through PreviousPage,HIGH,"Bicross — November 1982 — Issue 3; 69 retained source records after contents, editorial, reader, technical, international-product, championship, Australian, race-report, advertising, translation, and privacy reconciliation. French-language text is paraphrased into English; personal contact details and individual classifieds are not transcribed.",Bicross,previouspage.co.uk,Bicross · accessed through PreviousPage,
SRC-073,https://previouspage.co.uk/magazines/Bicross/issues/233-december-nineteen-eighty-two,previouspage.co.uk,v2.0 chronological census,Period publication; chronological issue pass,64,INDEX-ONLY,Publication accessed through PreviousPage,HIGH,"Bicross — December 1982 — Issue 4; 64 retained source records after contents, reader, technical, AFB, international-event, product-test, advertising, race-report, translation, and privacy reconciliation. French-language text is paraphrased into English; personal contact details and individual classifieds are not transcribed.",Bicross,previouspage.co.uk,Bicross · accessed through PreviousPage,
SRC-074,https://previouspage.co.uk/magazines/BMX%20Plus/issues/253-april-nineteen-eighty-eight,previouspage.co.uk,v2.0 expansion,Period publication; exact issue/page source,1,INDEX-ONLY,Publication accessed through PreviousPage,HIGH,BMX Plus! April 1988; Radical Rick pages 98-99.,BMX Plus!,previouspage.co.uk,BMX Plus! · accessed through PreviousPage,
SRC-075,https://previouspage.co.uk/magazines/Go/issues/133-february-nineteen-ninety-two,previouspage.co.uk,v2.0 expansion,Period publication; advertisement page,1,INDEX-ONLY,Publication accessed through PreviousPage,HIGH,GO February 1992; Haro Fusion advertisement page 2.,GO,previouspage.co.uk,GO · accessed through PreviousPage,
SRC-076,https://archive.harobikes.com/bmx/2010-freestyle/f1-2010,archive.harobikes.com,v2.0 expansion,Official manufacturer model archive,1,INDEX-ONLY,Direct official archive or organization route,HIGH,Official Haro F1 2010 model and MSRP record.,Haro official archive,archive.harobikes.com,Haro official archive,
SRC-077,https://archive.harobikes.com/bmx/2010-freestyle/forum-pro-lite-2010,archive.harobikes.com,v2.0 expansion,Official manufacturer model archive,1,INDEX-ONLY,Direct official archive or organization route,HIGH,Official Haro Forum Pro Lite 2010 model and MSRP record.,Haro official archive,archive.harobikes.com,Haro official archive,
SRC-078,https://digbmx.com/features/short-frames-and-street-riding-a-brief-history,digbmx.com,v2.0 expansion,Official publisher feature article,1,INDEX-ONLY,Direct public route at digbmx.com,HIGH,"DIG BMX feature dated October 6, 2017.",DIG BMX,digbmx.com,DIG BMX,
SRC-079,https://www.uci.org/competition-details/2022/BMX/66253,www.uci.org,v2.0 expansion,Official governing-body competition record,1,INDEX-ONLY,Direct official archive or organization route,HIGH,2022 UCI BMX Racing World Championships; Women Elite final-result occurrence.,UCI,uci.org,UCI,
SRC-080,https://www.uci.org/competition-details/2023/BMX/69009,www.uci.org,v2.0 expansion,Official governing-body competition record,1,INDEX-ONLY,Direct official archive or organization route,HIGH,2023 UCI BMX Racing World Championships; Women Under 23 final-result occurrence.,UCI,uci.org,UCI,
SRC-081,https://www.usabmx.com/news-and-media/General/2024-06-17/BMX-Hall-of-Fame-Class-of-2024?id=2026,www.usabmx.com,v2.0 expansion,Official Hall of Fame class profile,1,INDEX-ONLY,Direct official archive or organization route,HIGH,Kim Hayashi section in the 2024 Hall of Fame class announcement.,USA BMX,usabmx.com,USA BMX,
SRC-082,https://www.usabmx.com/about/hall-of-fame/1692,www.usabmx.com,v2.0 expansion,Official Hall of Fame individual profile,1,INDEX-ONLY,Direct official archive or organization route,HIGH,Cathy Hanna-Shafer individual Hall of Fame profile.,USA BMX,usabmx.com,USA BMX,
SRC-083,https://www.bmxmuseum.com/bikes/cooks_brothers/134239,www.bmxmuseum.com,v2.1 admission batch 01,Primary exact public record route,1,INDEX-ONLY,Direct BMXMuseum route,HIGH,Primary source action; source identity remains visible and canonical.,BMXMuseum,bmxmuseum.com,BMXMuseum,"[""EPH-1021""]"
SRC-084,https://www.reddit.com/user/bmxmuseum/,www.reddit.com,v2.1 admission batch 01,BMXMuseum official Reddit account,2,INDEX-ONLY,Public social access route at reddit.com,MEDIUM,Secondary discovery/corroboration route; not authentication of the submitted bicycle.,reddit.com,reddit.com,reddit.com · public social access route at reddit.com,"[""EPH-1021"", ""EPH-1022""]"
SRC-085,https://www.bmxmuseum.com/bikes/powerlite/133793,www.bmxmuseum.com,v2.1 admission batch 01,Primary exact public record route,1,INDEX-ONLY,Direct BMXMuseum route,HIGH,Primary source action; source identity remains visible and canonical.,BMXMuseum,bmxmuseum.com,BMXMuseum,"[""EPH-1022""]"
SRC-086,https://www.bmxmuseum.com/bikes/torker/130153,www.bmxmuseum.com,v2.1 admission batch 01,Primary exact public record route,1,INDEX-ONLY,Direct BMXMuseum route,HIGH,Primary source action; source identity remains visible and canonical.,BMXMuseum,bmxmuseum.com,BMXMuseum,"[""EPH-1023""]"
SRC-087,https://www.reddit.com/user/bmxmuseum/?after=dDNfMW5xYjl5OA%3D%3D&sort=new,www.reddit.com,v2.1 admission batch 01,BMXMuseum official Reddit account,2,INDEX-ONLY,Public social access route at reddit.com,MEDIUM,Secondary discovery/corroboration route; not authentication of the submitted bicycle.,reddit.com,reddit.com,reddit.com · public social access route at reddit.com,"[""EPH-1023"", ""EPH-1024""]"
SRC-088,https://www.bmxmuseum.com/bikes/jmc_racing/128885,www.bmxmuseum.com,v2.1 admission batch 01,Primary exact public record route,1,INDEX-ONLY,Direct BMXMuseum route,HIGH,Primary source action; source identity remains visible and canonical.,BMXMuseum,bmxmuseum.com,BMXMuseum,"[""EPH-1024""]"
SRC-089,https://www.bmxmuseum.com/bikes/ghp/121233,www.bmxmuseum.com,v2.1 admission batch 01,Primary exact public record route,1,INDEX-ONLY,Direct BMXMuseum route,HIGH,Primary source action; source identity remains visible and canonical.,BMXMuseum,bmxmuseum.com,BMXMuseum,"[""EPH-1025""]"
SRC-090,https://www.reddit.com/user/bmxmuseum/?after=dDNfMTBkdmozNg%3D%3D&sort=new,www.reddit.com,v2.1 admission batch 01,BMXMuseum official Reddit account,3,INDEX-ONLY,Public social access route at reddit.com,MEDIUM,Secondary discovery/corroboration route; not authentication of the submitted bicycle.,reddit.com,reddit.com,reddit.com · public social access route at reddit.com,"[""EPH-1025"", ""EPH-1026"", ""EPH-1027""]"
SRC-091,https://www.bmxmuseum.com/bikes/ashtabula/120502,www.bmxmuseum.com,v2.1 admission batch 01,Primary exact public record route,1,INDEX-ONLY,Direct BMXMuseum route,HIGH,Primary source action; source identity remains visible and canonical.,BMXMuseum,bmxmuseum.com,BMXMuseum,"[""EPH-1026""]"
SRC-092,https://www.bmxmuseum.com/bikes/se_racing/119925,www.bmxmuseum.com,v2.1 admission batch 01,Primary exact public record route,1,INDEX-ONLY,Direct BMXMuseum route,HIGH,Primary source action; source identity remains visible and canonical.,BMXMuseum,bmxmuseum.com,BMXMuseum,"[""EPH-1027""]"
SRC-093,https://www.bmxmuseum.com/bikes/redline/119571,www.bmxmuseum.com,v2.1 admission batch 01,Primary exact public record route,1,INDEX-ONLY,Direct BMXMuseum route,HIGH,Primary source action; source identity remains visible and canonical.,BMXMuseum,bmxmuseum.com,BMXMuseum,"[""EPH-1028""]"
SRC-094,https://www.reddit.com/user/bmxmuseum/?after=dDNfd2hzczZr&sort=new,www.reddit.com,v2.1 admission batch 01,BMXMuseum official Reddit account,9,INDEX-ONLY,Public social access route at reddit.com,MEDIUM,Secondary discovery/corroboration route; not authentication of the submitted bicycle.,reddit.com,reddit.com,reddit.com · public social access route at reddit.com,"[""EPH-1028"", ""EPH-1029"", ""EPH-1030"", ""EPH-1031"", ""EPH-1032"", ""EPH-1033"", ""EPH-1034"", ""EPH-1035"", ""EPH-1036""]"
SRC-095,https://www.bmxmuseum.com/bikes/jmc_racing/119290,www.bmxmuseum.com,v2.1 admission batch 01,Primary exact public record route,1,INDEX-ONLY,Direct BMXMuseum route,HIGH,Primary source action; source identity remains visible and canonical.,BMXMuseum,bmxmuseum.com,BMXMuseum,"[""EPH-1029""]"
SRC-096,https://www.bmxmuseum.com/bikes/gt_bicycles/119277,www.bmxmuseum.com,v2.1 admission batch 01,Primary exact public record route,1,INDEX-ONLY,Direct BMXMuseum route,HIGH,Primary source action; source identity remains visible and canonical.,BMXMuseum,bmxmuseum.com,BMXMuseum,"[""EPH-1030""]"
SRC-097,https://www.bmxmuseum.com/bikes/hutch/119077,www.bmxmuseum.com,v2.1 admission batch 01,Primary exact public record route,1,INDEX-ONLY,Direct BMXMuseum route,HIGH,Primary source action; source identity remains visible and canonical.,BMXMuseum,bmxmuseum.com,BMXMuseum,"[""EPH-1031""]"
SRC-098,https://www.bmxmuseum.com/bikes/se_racing/118961,www.bmxmuseum.com,v2.1 admission batch 01,Primary exact public record route,1,INDEX-ONLY,Direct BMXMuseum route,HIGH,Primary source action; source identity remains visible and canonical.,BMXMuseum,bmxmuseum.com,BMXMuseum,"[""EPH-1032""]"
SRC-099,https://www.bmxmuseum.com/bikes/brooklyn_machine_works/118734,www.bmxmuseum.com,v2.1 admission batch 01,Primary exact public record route,1,INDEX-ONLY,Direct BMXMuseum route,HIGH,Primary source action; source identity remains visible and canonical.,BMXMuseum,bmxmuseum.com,BMXMuseum,"[""EPH-1033""]"
SRC-100,https://www.bmxmuseum.com/bikes/true_torch/118539,www.bmxmuseum.com,v2.1 admission batch 01,Primary exact public record route,1,INDEX-ONLY,Direct BMXMuseum route,HIGH,Primary source action; source identity remains visible and canonical.,BMXMuseum,bmxmuseum.com,BMXMuseum,"[""EPH-1034""]"
SRC-101,https://www.bmxmuseum.com/bikes/cmx/118353,www.bmxmuseum.com,v2.1 admission batch 01,Primary exact public record route,1,INDEX-ONLY,Direct BMXMuseum route,HIGH,Primary source action; source identity remains visible and canonical.,BMXMuseum,bmxmuseum.com,BMXMuseum,"[""EPH-1035""]"
SRC-102,https://www.bmxmuseum.com/bikes/haro/117304,www.bmxmuseum.com,v2.1 admission batch 01,Primary exact public record route,1,INDEX-ONLY,Direct BMXMuseum route,HIGH,Primary source action; source identity remains visible and canonical.,BMXMuseum,bmxmuseum.com,BMXMuseum,"[""EPH-1036""]"
SRC-103,https://www.bmxmuseum.com/bikes/gt_bicycles/3324,www.bmxmuseum.com,v2.1 admission batch 01,Primary exact public record route,1,INDEX-ONLY,Direct BMXMuseum route,HIGH,Primary source action; source identity remains visible and canonical.,BMXMuseum,bmxmuseum.com,BMXMuseum,"[""EPH-1037""]"
SRC-104,https://www.reddit.com/user/bmxmuseum/?after=dDFfaHI4dWJiag%3D%3D&sort=new,www.reddit.com,v2.1 admission batch 01,BMXMuseum official Reddit account,1,INDEX-ONLY,Public social access route at reddit.com,MEDIUM,Secondary discovery/corroboration route; not authentication of the submitted bicycle.,reddit.com,reddit.com,reddit.com · public social access route at reddit.com,"[""EPH-1037""]"
SRC-105,https://www.bmxmuseum.com/bikes/revcore/135983,www.bmxmuseum.com,v2.1 admission batch 01,Primary exact public record route,1,INDEX-ONLY,Direct BMXMuseum route,HIGH,Primary source action; source identity remains visible and canonical.,BMXMuseum,bmxmuseum.com,BMXMuseum,"[""EPH-1038""]"
SRC-106,https://www.instagram.com/p/Da5xRgCCd3Q/,www.instagram.com,v2.1 admission batch 01,Official BMXMuseum Instagram,2,INDEX-ONLY,Public social access route at instagram.com,MEDIUM,Secondary discovery/corroboration route; not authentication of the submitted bicycle.,instagram.com,instagram.com,instagram.com · public social access route at instagram.com,"[""EPH-1038"", ""EPH-1044""]"
SRC-107,https://www.bmxmuseum.com/bikes/boss_bicycles/135324,www.bmxmuseum.com,v2.1 admission batch 01,Primary exact public record route,1,INDEX-ONLY,Direct BMXMuseum route,HIGH,Primary source action; source identity remains visible and canonical.,BMXMuseum,bmxmuseum.com,BMXMuseum,"[""EPH-1039""]"
SRC-108,https://www.instagram.com/p/DXzTU7ZFNeJ/,www.instagram.com,v2.1 admission batch 01,Official BMXMuseum Instagram,1,INDEX-ONLY,Public social access route at instagram.com,MEDIUM,Secondary discovery/corroboration route; not authentication of the submitted bicycle.,instagram.com,instagram.com,instagram.com · public social access route at instagram.com,"[""EPH-1039""]"
SRC-109,https://www.bmxmuseum.com/bikes/gt_bicycles/135299,www.bmxmuseum.com,v2.1 admission batch 01,Primary exact public record route,1,INDEX-ONLY,Direct BMXMuseum route,HIGH,Primary source action; source identity remains visible and canonical.,BMXMuseum,bmxmuseum.com,BMXMuseum,"[""EPH-1040""]"
SRC-110,https://www.instagram.com/p/DXuGSzilDTA/,www.instagram.com,v2.1 admission batch 01,Official BMXMuseum Instagram,1,INDEX-ONLY,Public social access route at instagram.com,MEDIUM,Secondary discovery/corroboration route; not authentication of the submitted bicycle.,instagram.com,instagram.com,instagram.com · public social access route at instagram.com,"[""EPH-1040""]"
SRC-111,https://www.bmxmuseum.com/bikes/mongoose/136118,www.bmxmuseum.com,v2.1 admission batch 01,Primary exact public record route,1,INDEX-ONLY,Direct BMXMuseum route,HIGH,Primary source action; source identity remains visible and canonical.,BMXMuseum,bmxmuseum.com,BMXMuseum,"[""EPH-1041""]"
SRC-112,https://www.instagram.com/p/DWbwSXmlAuL/,www.instagram.com,v2.1 admission batch 01,Official BMXMuseum Instagram,1,INDEX-ONLY,Public social access route at instagram.com,MEDIUM,Secondary discovery/corroboration route; not authentication of the submitted bicycle.,instagram.com,instagram.com,instagram.com · public social access route at instagram.com,"[""EPH-1041""]"
SRC-113,https://www.bmxmuseum.com/bikes/gt_bicycles/136055,www.bmxmuseum.com,v2.1 admission batch 01,Primary exact public record route,1,INDEX-ONLY,Direct BMXMuseum route,HIGH,Primary source action; source identity remains visible and canonical.,BMXMuseum,bmxmuseum.com,BMXMuseum,"[""EPH-1042""]"
SRC-114,https://www.instagram.com/reel/DU8w0SajuvE/,www.instagram.com,v2.1 admission batch 01,Official BMXMuseum Instagram,1,INDEX-ONLY,Public social access route at instagram.com,MEDIUM,Secondary discovery/corroboration route; not authentication of the submitted bicycle.,instagram.com,instagram.com,instagram.com · public social access route at instagram.com,"[""EPH-1042""]"
SRC-115,https://www.bmxmuseum.com/bikes/raleigh/135014,www.bmxmuseum.com,v2.1 admission batch 01,Primary exact public record route,1,INDEX-ONLY,Direct BMXMuseum route,HIGH,Primary source action; source identity remains visible and canonical.,BMXMuseum,bmxmuseum.com,BMXMuseum,"[""EPH-1043""]"
SRC-116,https://www.instagram.com/p/DWopcHUlAnw/,www.instagram.com,v2.1 admission batch 01,Official BMXMuseum Instagram,1,INDEX-ONLY,Public social access route at instagram.com,MEDIUM,Secondary discovery/corroboration route; not authentication of the submitted bicycle.,instagram.com,instagram.com,instagram.com · public social access route at instagram.com,"[""EPH-1043""]"
SRC-117,https://www.bmxmuseum.com/bikes/racers_x/136046,www.bmxmuseum.com,v2.1 admission batch 01,Primary exact public record route,1,INDEX-ONLY,Direct BMXMuseum route,HIGH,Primary source action; source identity remains visible and canonical.,BMXMuseum,bmxmuseum.com,BMXMuseum,"[""EPH-1044""]"
SRC-118,https://www.bmxmuseum.com/bikes/elf/136181,www.bmxmuseum.com,v2.1 admission batch 01,Primary exact public record route,1,INDEX-ONLY,Direct BMXMuseum route,HIGH,Primary source action; source identity remains visible and canonical.,BMXMuseum,bmxmuseum.com,BMXMuseum,"[""EPH-1045""]"
SRC-119,https://www.instagram.com/p/DbYg6x6lK9V/,www.instagram.com,v2.1 admission batch 01,Official BMXMuseum Instagram,1,INDEX-ONLY,Public social access route at instagram.com,MEDIUM,Secondary discovery/corroboration route; not authentication of the submitted bicycle.,instagram.com,instagram.com,instagram.com · public social access route at instagram.com,"[""EPH-1045""]"
SRC-120,https://www.bmxmuseum.com/bikes/santa_cruz/135945,www.bmxmuseum.com,v2.1 admission batch 01,Primary exact public record route,1,INDEX-ONLY,Direct BMXMuseum route,HIGH,Primary source action; source identity remains visible and canonical.,BMXMuseum,bmxmuseum.com,BMXMuseum,"[""EPH-1046""]"
SRC-121,https://www.instagram.com/p/DPg-quYkom5/,www.instagram.com,v2.1 admission batch 01,Official BMXMuseum Instagram,1,INDEX-ONLY,Public social access route at instagram.com,MEDIUM,Secondary discovery/corroboration route; not authentication of the submitted bicycle.,instagram.com,instagram.com,instagram.com · public social access route at instagram.com,"[""EPH-1046""]"
SRC-122,https://www.bmxmuseum.com/bikes/redline/135833,www.bmxmuseum.com,v2.1 admission batch 01,Primary exact public record route,1,INDEX-ONLY,Direct BMXMuseum route,HIGH,Primary source action; source identity remains visible and canonical.,BMXMuseum,bmxmuseum.com,BMXMuseum,"[""EPH-1047""]"
SRC-123,https://www.instagram.com/reel/DVBobixET1c/,www.instagram.com,v2.1 admission batch 01,Official BMXMuseum Instagram,1,INDEX-ONLY,Public social access route at instagram.com,MEDIUM,Secondary discovery/corroboration route; not authentication of the submitted bicycle.,instagram.com,instagram.com,instagram.com · public social access route at instagram.com,"[""EPH-1047""]"
SRC-124,https://www.bmxmuseum.com/bikes/gt_bicycles/135184,www.bmxmuseum.com,v2.1 admission batch 01,Primary exact public record route,1,INDEX-ONLY,Direct BMXMuseum route,HIGH,Primary source action; source identity remains visible and canonical.,BMXMuseum,bmxmuseum.com,BMXMuseum,"[""EPH-1048""]"
SRC-125,https://x.com/BmxmuseumGAry/status/2045525652078747659,x.com,v2.1 admission batch 01,Official BMXMuseum Instagram / X,1,INDEX-ONLY,Public social access route at x.com,MEDIUM,Secondary discovery/corroboration route; not authentication of the submitted bicycle.,x.com,x.com,x.com · public social access route at x.com,"[""EPH-1048""]"
SRC-126,https://www.bmxmuseum.com/bikes/mongoose/134583,www.bmxmuseum.com,v2.1 admission batch 01,Primary exact public record route,1,INDEX-ONLY,Direct BMXMuseum route,HIGH,Primary source action; source identity remains visible and canonical.,BMXMuseum,bmxmuseum.com,BMXMuseum,"[""EPH-1049""]"
SRC-127,https://www.instagram.com/reel/DAeAc0it8T-/,www.instagram.com,v2.1 admission batch 01,Official BMXMuseum Instagram,1,INDEX-ONLY,Public social access route at instagram.com,MEDIUM,Secondary discovery/corroboration route; not authentication of the submitted bicycle.,instagram.com,instagram.com,instagram.com · public social access route at instagram.com,"[""EPH-1049""]"
SRC-128,https://www.bmxmuseum.com/bikes/mongoose/135623,www.bmxmuseum.com,v2.1 admission batch 01,Primary exact public record route,1,INDEX-ONLY,Direct BMXMuseum route,HIGH,Primary source action; source identity remains visible and canonical.,BMXMuseum,bmxmuseum.com,BMXMuseum,"[""EPH-1050""]"
SRC-129,https://www.instagram.com/p/DZDYKuAGvmT/,www.instagram.com,v2.1 admission batch 01,Official BMXMuseum Instagram / Facebook,1,INDEX-ONLY,Public social access route at instagram.com,MEDIUM,Secondary discovery/corroboration route; not authentication of the submitted bicycle.,instagram.com,instagram.com,instagram.com · public social access route at instagram.com,"[""EPH-1050""]"
SRC-130,https://www.bmxmuseum.com/bikes/se_racing/135922,www.bmxmuseum.com,v2.1 admission batch 01,Primary exact public record route,1,INDEX-ONLY,Direct BMXMuseum route,HIGH,Primary source action; source identity remains visible and canonical.,BMXMuseum,bmxmuseum.com,BMXMuseum,"[""EPH-1051""]"
SRC-131,https://www.facebook.com/gary.sansom.7/photos/10238927819046599/,www.facebook.com,v2.1 admission batch 01,Gary Sansom public Facebook / Instagram,1,INDEX-ONLY,Public social access route at facebook.com,MEDIUM,Secondary discovery/corroboration route; not authentication of the submitted bicycle.,Public Facebook source,facebook.com,Public Facebook source · public social access route at facebook.com,"[""EPH-1051""]"
SRC-132,https://www.bmxmuseum.com/bikes/se_racing/135823,www.bmxmuseum.com,v2.1 admission batch 01,Primary exact public record route,1,INDEX-ONLY,Direct BMXMuseum route,HIGH,Primary source action; source identity remains visible and canonical.,BMXMuseum,bmxmuseum.com,BMXMuseum,"[""EPH-1052""]"
SRC-133,https://www.facebook.com/gary.sansom.7/photos/10238769525129350/,www.facebook.com,v2.1 admission batch 01,Gary Sansom public Facebook,1,INDEX-ONLY,Public social access route at facebook.com,MEDIUM,Secondary discovery/corroboration route; not authentication of the submitted bicycle.,Public Facebook source,facebook.com,Public Facebook source · public social access route at facebook.com,"[""EPH-1052""]"
SRC-134,https://www.bmxmuseum.com/bikes/kuwahara/134896,www.bmxmuseum.com,v2.1 admission batch 01,Primary exact public record route,1,INDEX-ONLY,Direct BMXMuseum route,HIGH,Primary source action; source identity remains visible and canonical.,BMXMuseum,bmxmuseum.com,BMXMuseum,"[""EPH-1053""]"
SRC-135,https://www.instagram.com/p/DWJu3l4lKRi/,www.instagram.com,v2.1 admission batch 01,Official BMXMuseum Instagram,1,INDEX-ONLY,Public social access route at instagram.com,MEDIUM,Secondary discovery/corroboration route; not authentication of the submitted bicycle.,instagram.com,instagram.com,instagram.com · public social access route at instagram.com,"[""EPH-1053""]"
SRC-136,https://www.bmxmuseum.com/bikes/kuwahara/116335,www.bmxmuseum.com,v2.1 admission batch 01,Primary exact public record route,1,INDEX-ONLY,Direct BMXMuseum route,HIGH,Primary source action; source identity remains visible and canonical.,BMXMuseum,bmxmuseum.com,BMXMuseum,"[""EPH-1054""]"
SRC-137,https://www.facebook.com/VintageSteelBMX/videos/694579199878348/,www.facebook.com,v2.1 admission batch 01,Public builder/customer post,1,INDEX-ONLY,Public social access route at facebook.com,MEDIUM,Secondary discovery/corroboration route; not authentication of the submitted bicycle.,Public Facebook source,facebook.com,Public Facebook source · public social access route at facebook.com,"[""EPH-1054""]"
SRC-138,https://www.bmxmuseum.com/bikes/malvern_star/20584,www.bmxmuseum.com,v2.1 admission batch 01,Primary exact public record route,1,INDEX-ONLY,Direct BMXMuseum route,HIGH,Primary source action; source identity remains visible and canonical.,BMXMuseum,bmxmuseum.com,BMXMuseum,"[""EPH-1055""]"
SRC-139,https://www.facebook.com/groups/1642674859393701/,www.facebook.com,v2.1 admission batch 01,Public BMX group result,1,INDEX-ONLY,Public social access route at facebook.com,MEDIUM,Secondary discovery/corroboration route; not authentication of the submitted bicycle.,Public Facebook source,facebook.com,Public Facebook source · public social access route at facebook.com,"[""EPH-1055""]"
SRC-140,https://www.bmxmuseum.com/bikes/peugeot/47813,www.bmxmuseum.com,v2.1 admission batch 01,Primary exact public record route,1,INDEX-ONLY,Direct BMXMuseum route,HIGH,Primary source action; source identity remains visible and canonical.,BMXMuseum,bmxmuseum.com,BMXMuseum,"[""EPH-1056""]"
SRC-141,https://forum.slowtwitch.com/t/your-bmx-bike/820579?page=4,forum.slowtwitch.com,v2.1 admission batch 01,Public forum owner reference,1,INDEX-ONLY,Direct public route at forum.slowtwitch.com,MEDIUM,Secondary discovery/corroboration route; not authentication of the submitted bicycle.,forum.slowtwitch.com,forum.slowtwitch.com,forum.slowtwitch.com,"[""EPH-1056""]"
SRC-142,https://www.bmxmuseum.com/bikes/abd/113449,www.bmxmuseum.com,v2.1 admission batch 01,Primary exact public record route,1,INDEX-ONLY,Direct BMXMuseum route,HIGH,Primary source action; source identity remains visible and canonical.,BMXMuseum,bmxmuseum.com,BMXMuseum,"[""EPH-1057""]"
SRC-143,https://www.reddit.com/r/Vintage_bicycles/comments/1bntvpk/bike_identification/,www.reddit.com,v2.1 admission batch 01,External identification discussion,1,INDEX-ONLY,Public social access route at reddit.com,MEDIUM,Secondary discovery/corroboration route; not authentication of the submitted bicycle.,reddit.com,reddit.com,reddit.com · public social access route at reddit.com,"[""EPH-1057""]"
SRC-144,https://www.bmxmuseum.com/bikes/fuji/45892,www.bmxmuseum.com,v2.1 admission batch 01,Primary exact public record route,1,INDEX-ONLY,Direct BMXMuseum route,HIGH,Primary source action; source identity remains visible and canonical.,BMXMuseum,bmxmuseum.com,BMXMuseum,"[""EPH-1058""]"
SRC-145,https://www.reddit.com/r/bmx/comments/1p51edh/can_anyone_help_determine_what_model_this_is/,www.reddit.com,v2.1 admission batch 01,External identification discussion,2,INDEX-ONLY,Public social access route at reddit.com,MEDIUM,Secondary discovery/corroboration route; not authentication of the submitted bicycle.,reddit.com,reddit.com,reddit.com · public social access route at reddit.com,"[""EPH-1058"", ""EPH-1059""]"
SRC-146,https://www.bmxmuseum.com/bikes/fuji/130516,www.bmxmuseum.com,v2.1 admission batch 01,Primary exact public record route,1,INDEX-ONLY,Direct BMXMuseum route,HIGH,Primary source action; source identity remains visible and canonical.,BMXMuseum,bmxmuseum.com,BMXMuseum,"[""EPH-1059""]"
SRC-147,https://www.bmxmuseum.com/bikes/gt_bicycles/50075,www.bmxmuseum.com,v2.1 admission batch 01,Primary exact public record route,1,INDEX-ONLY,Direct BMXMuseum route,HIGH,Primary source action; source identity remains visible and canonical.,BMXMuseum,bmxmuseum.com,BMXMuseum,"[""EPH-1060""]"
SRC-148,https://www.reddit.com/r/bmx/comments/7392lm/so_i_found_this_bike_for_15_at_salvation_army/,www.reddit.com,v2.1 admission batch 01,External identification discussion,1,INDEX-ONLY,Public social access route at reddit.com,MEDIUM,Secondary discovery/corroboration route; not authentication of the submitted bicycle.,reddit.com,reddit.com,reddit.com · public social access route at reddit.com,"[""EPH-1060""]"
SRC-149,https://www.bmxmuseum.com/bikes/hutch/105008,www.bmxmuseum.com,v2.1 admission batch 01,Primary exact public record route,1,INDEX-ONLY,Direct BMXMuseum route,HIGH,Primary source action; source identity remains visible and canonical.,BMXMuseum,bmxmuseum.com,BMXMuseum,"[""EPH-1061""]"
SRC-150,https://www.facebook.com/groups/1444111922510206/posts/4245946752326695/,www.facebook.com,v2.1 admission batch 01,Public BMXMuseum Facebook result,1,INDEX-ONLY,Public social access route at facebook.com,MEDIUM,Secondary discovery/corroboration route; not authentication of the submitted bicycle.,Public Facebook source,facebook.com,Public Facebook source · public social access route at facebook.com,"[""EPH-1061""]"
